id,request_by,pass_gender,pass_weight,waiver_required,become_mission
7,1,male,42,,1
8,1,male,125,1,1
9,1,male,180,,1
10,2,female,121,1,1
11,2,female,149,1,1
12,1,male,150,1,1
13,1,male,150,,1
14,1,male,173,1,1
15,3,female,130,1,1
17,2,male,120,1,1
18,1,male,197,1,1
19,1,male,120,1,1
20,1,male,115,,1
21,1,male,232,,1
22,3,male,28,,1
23,1,male,148,1,1
24,1,male,125,1,1
25,1,male,39,1,1
30,1,female,150,1,1
31,1,male,250,,1
32,1,male,170,1,1
38,1,male,197,1,1
39,1,male,1450,,1
42,1,male,155,,1
43,2,male,172,1,1
45,3,male,115,,1
46,1,male,200,1,1
50,1,male,95,1,1
51,1,male,180,1,1
52,3,male,217,1,1
54,1,male,105,1,1
55,1,male,82,1,1
57,1,male,9,1,1
60,2,female,119,,1
63,1,male,229,1,1
66,2,male,199,1,1
71,4,male,190,1,1
86,1,male,130,,1
88,1,male,215,,1
90,4,male,179,,1
91,1,male,181,,1
101,1,,180,,1
103,1,male,170,,1
105,1,female,123,,1
110,4,male,205,,1
112,1,female,150,,1
114,1,female,120,,1
115,2,female,160,1,1
119,1,male,180,1,1
120,3,female,165,1,1
125,1,male,24,,1
127,1,female,145,,1
132,1,male,180,1,1
134,1,female,239,,1
135,2,female,93,,1
141,1,male,170,1,1
145,1,unknown,15,1,1
149,1,unknown,107,,1
151,1,female,213,1,1
153,3,female,128,,1
154,1,unknown,150,1,1
155,1,female,120,1,1
158,1,unknown,20,1,1
162,1,female,170,,1
163,2,female,10,1,1
166,1,male,202,1,1
170,1,female,160,,1
171,1,male,158,,1
179,1,male,25,1,1
186,4,female,47,1,1
212,2,male,240,,1
219,3,unknown,97,,1
221,3,unknown,180,,1
224,1,unknown,145,,1
227,2,unknown,183,,1
234,1,unknown,169,,1
235,1,unknown,180,,1
241,1,female,143,1,1
243,1,female,130,,1
244,1,male,38,,1
247,1,female,60,,1
251,1,unknown,24,1,1
266,1,male,88,1,1
273,1,unknown,140,1,1
281,1,unknown,36,,1
285,1,unknown,30,,1
292,4,unknown,195,1,1
299,1,male,187,1,1
307,1,female,31,1,1
316,3,unknown,250,,1
346,1,unknown,160,,1
347,1,unknown,162,,1
353,2,unknown,110,,1
390,1,unknown,197,,1
392,1,female,145,,1
394,1,unknown,223,,1
425,1,unknown,260,1,1
443,1,male,141,,1
459,1,female,175,,1
478,1,unknown,58,,1
493,1,unknown,193,,1
508,1,unknown,160,,1
510,1,unknown,217,,1
518,1,unknown,250,,1
521,6,male,40,,1
522,1,male,200,1,1
523,1,unknown,132,,1
540,3,unknown,192,,1
551,2,unknown,142,1,1
555,6,female,60,,1
593,1,female,65,1,1
601,5,male,220,,1
604,1,unknown,39,,1
605,3,unknown,160,1,1
606,1,male,150,1,1
608,1,female,136,1,1
615,1,unknown,27,,1
616,1,unknown,236,1,1
621,1,male,134,1,1
628,1,male,200,1,1
634,2,female,190,1,1
635,1,female,125,1,1
640,1,male,210,1,1
647,1,unknown,140,,1
653,3,male,194,1,1
657,1,female,185,1,1
658,1,female,17,1,1
669,6,female,60,1,1
676,1,female,103,1,1
682,1,male,133,1,1
689,1,male,250,,1
692,1,unknown,160,1,1
697,1,female,160,1,1
710,1,female,94,1,1
742,3,female,110,,1
743,1,male,156,1,1
748,6,unknown,200,,1
753,2,male,163,1,1
760,1,female,22,1,1
765,1,male,35,1,1
775,1,unknown,177,1,1
776,1,male,38,1,1
796,1,unknown,20,1,1
798,3,male,19,1,1
799,1,male,252,1,1
808,2,unknown,28,1,1
811,1,female,35,1,1
820,1,female,186,1,1
826,1,unknown,140,,1
827,1,female,169,1,1
837,3,female,200,,1
839,1,male,315,,1
842,5,female,140,1,1
843,1,unknown,25,1,1
853,1,female,136,1,1
882,0,unknown,133,,1
883,5,male,170,1,1
885,5,female,166,1,1
886,5,unknown,46,,1
899,5,female,120,1,1
909,5,female,150,1,1
910,5,male,29,,1
912,5,male,126,1,1
921,5,female,235,,1
932,5,unknown,206,1,1
938,5,unknown,151,,1
946,5,female,102,1,1
947,5,female,203,1,1
952,5,unknown,177,1,1
956,1,unknown,134,,1
968,5,unknown,271,1,1
977,5,female,190,1,1
994,0,unknown,27,,1
997,5,unknown,185,,1
1001,1,unknown,110,,1
1026,1,unknown,55,1,1
1027,2,unknown,180,,1
1033,5,female,125,1,1
1034,5,male,120,,1
1036,1,unknown,128,1,1
1037,5,male,199,1,1
1041,5,male,73,1,1
1051,1,unknown,209,,1
1075,1,female,190,,1
1076,5,female,126,1,1
1077,5,female,135,1,1
1081,5,male,169,1,1
1087,5,female,34,1,1
1095,5,male,30,1,1
1108,5,male,154,1,1
1110,1,female,58,1,1
1113,5,female,140,,1
1117,5,female,165,1,1
1120,3,unknown,169,1,1
1126,5,unknown,157,1,1
1132,0,unknown,180,1,1
1137,5,male,165,1,1
1140,5,male,140,1,1
1143,5,male,135,1,1
1156,5,unknown,118,1,1
1171,1,unknown,260,,1
1192,5,male,140,1,1
1195,5,female,163,1,1
1197,5,male,150,1,1
1200,0,female,130,1,1
1210,3,female,180,1,1
1214,0,female,115,1,1
1228,5,male,150,1,1
1259,5,female,107,1,1
1264,5,female,205,1,1
1274,3,male,140,1,1
1277,0,unknown,115,1,1
1315,0,unknown,135,,1
1341,5,male,190,1,1
1346,5,male,175,,1
1364,1,unknown,240,,1
1369,3,male,41,1,1
1397,5,female,120,1,1
1429,5,male,280,1,1
1455,1,female,118,1,1
1471,3,male,41,1,1
1486,5,female,200,1,1
1505,6,male,60,1,1
1510,6,male,19,1,1
1520,5,unknown,211,1,1
1534,5,male,168,1,1
1544,0,female,180,1,1
1581,0,male,162,1,1
1593,5,female,205,,1
1600,0,unknown,225,,1
1625,1,unknown,138,,1
1651,0,male,340,1,1
1653,1,female,130,1,1
1654,5,female,125,1,1
1655,6,female,21,1,1
1679,0,unknown,225,1,1
1681,1,male,184,1,1
1686,5,female,20,1,1
1710,0,unknown,288,1,1
1756,0,unknown,175,,1
1763,0,female,220,1,1
1764,0,unknown,130,,1
1765,0,female,189,1,1
1782,0,female,110,1,1
1797,1,male,249,1,1
1817,6,unknown,80,1,1
1844,4,unknown,22,,1
1846,0,unknown,36,,1
1869,0,male,21,,1
1872,5,unknown,240,1,1
1874,5,male,185,1,1
1878,4,male,215,1,1
1880,1,female,121,1,1
1891,6,male,13,1,1
1898,1,female,194,1,1
1914,6,unknown,26,,1
1940,0,female,129,1,1
1945,0,female,60,,1
1951,5,male,250,1,1
1952,0,female,40,1,1
1969,3,male,39,1,1
1971,3,unknown,290,,1
1981,5,female,130,1,1
1982,0,male,51,1,1
2001,1,female,130,1,1
2002,1,unknown,184,1,1
2018,0,male,211,1,1
2022,1,male,212,1,1
2026,6,female,166,1,1
2042,0,male,196,1,1
2070,1,unknown,115,1,1
2080,1,unknown,16,1,1
2086,6,male,16,1,1
2093,1,male,127,1,1
2096,5,female,110,1,1
2101,5,female,185,1,1
2102,0,female,213,1,1
2172,0,female,98,1,1
2173,0,male,245,1,1
2184,6,female,20,1,1
2198,2,male,222,1,1
2201,0,female,55,1,1
2216,5,female,235,1,1
2220,5,male,200,1,1
2236,0,male,85,1,1
2240,1,female,172,1,1
2242,0,male,200,1,1
2283,3,male,30,1,1
2285,0,male,12,1,1
2290,1,female,72,1,1
2302,5,female,165,1,1
2305,1,unknown,265,,1
2312,0,male,116,1,1
2318,0,male,66,1,1
2321,0,male,230,1,1
2322,0,unknown,97,,1
2323,0,unknown,110,,1
2324,0,male,167,1,1
2331,0,female,84,1,1
2358,0,female,77,1,1
2359,1,female,100,1,1
2368,0,female,128,1,1
2401,0,female,137,1,1
2413,0,unknown,140,1,1
2417,0,unknown,20,1,1
2426,5,male,170,1,1
2441,5,female,115,,1
2461,6,female,125,1,1
2465,0,unknown,97,1,1
2469,0,male,60,1,1
2489,0,male,175,1,1
2504,5,unknown,135,,1
2520,1,male,159,,1
2521,5,female,185,1,1
2526,0,female,152,1,1
2569,4,female,230,,1
2584,1,unknown,190,1,1
2593,5,female,200,1,1
2604,1,male,200,1,1
2638,5,female,120,1,1
2647,0,female,172,1,1
2651,1,female,16,1,1
2653,0,male,326,1,1
2661,5,female,117,1,1
2681,0,female,220,1,1
2690,0,male,180,,1
2694,0,female,180,1,1
2698,5,male,135,1,1
2705,0,female,24,1,1
2732,5,male,165,1,1
2737,5,female,105,1,1
2752,0,female,199,1,1
2753,4,female,180,1,1
2755,2,male,260,1,1
2766,0,female,128,1,1
2767,0,female,120,1,1
2788,0,female,240,1,1
2804,5,female,115,1,1
2811,0,female,140,1,1
2818,0,male,235,1,1
2825,5,female,112,1,1
2829,1,male,143,1,1
2833,0,female,130,1,1
2849,0,female,240,1,1
2851,0,female,75,1,1
2876,1,male,146,1,1
2882,1,male,227,1,1
2899,5,female,130,1,1
2902,4,female,130,1,1
2904,0,male,210,1,1
2910,0,female,170,1,1
2921,0,female,138,1,1
2925,0,female,152,1,1
2926,0,female,190,1,1
2927,0,male,153,1,1
2930,0,male,160,1,1
2936,5,male,188,1,1
2940,1,male,170,1,1
2943,6,female,120,1,1
2952,6,female,39,1,1
2954,6,male,80,1,1
2956,0,male,152,1,1
2974,0,male,220,1,1
2975,0,female,170,1,1
2977,0,male,150,1,1
2978,0,male,160,1,1
2994,6,female,24,1,1
2999,0,female,93,1,1
3021,5,male,155,1,1
3045,1,male,252,1,1
3051,0,female,126,1,1
3084,0,female,130,1,1
3091,5,female,140,1,1
3100,1,male,191,1,1
3109,0,female,278,1,1
3128,0,male,230,1,1
3133,1,unknown,68,1,1
3150,0,female,135,1,1
3180,5,female,160,1,1
3186,6,female,33,1,1
3194,0,female,140,1,1
3199,0,female,195,1,1
3211,0,female,112,1,1
3215,0,male,180,1,1
3216,0,male,145,1,1
3231,4,male,120,1,1
3232,5,female,137,1,1
3251,0,female,117,1,1
3252,0,male,195,1,1
3266,0,male,205,1,1
3280,6,female,53,1,1
3299,0,male,7,1,1
3337,0,male,160,1,1
3338,0,female,39,1,1
3339,0,female,17,1,1
3347,0,male,225,1,1
3348,5,female,180,1,1
3350,0,female,130,1,1
3373,0,male,175,1,1
3378,0,female,160,1,1
3387,6,female,29,1,1
3388,0,female,131,1,1
3401,0,female,320,1,1
3410,0,male,185,1,1
3432,0,female,189,1,1
3433,2,female,125,1,1
3439,5,male,200,1,1
3440,0,male,158,1,1
3448,0,male,193,1,1
3453,0,female,167,1,1
3478,1,unknown,200,1,1
3479,5,male,150,,1
3487,4,male,160,1,1
3488,5,female,130,1,1
3496,5,female,130,1,1
3502,0,male,214,1,1
3504,0,female,194,1,1
3535,0,female,277,1,1
3539,6,female,50,1,1
3543,5,female,138,1,1
3544,0,female,127,1,1
3545,0,male,200,1,1
3563,6,unknown,24,1,1
3588,1,female,127,1,1
3600,0,male,110,1,1
3615,1,female,130,1,1
3628,5,female,200,1,1
3657,0,male,165,1,1
3668,1,female,40,1,1
3670,2,female,185,1,1
3675,0,male,120,1,1
3678,1,male,223,1,1
3697,0,male,162,1,1
3699,1,male,70,1,1
3702,6,female,175,1,1
3707,0,female,182,1,1
3742,0,male,250,1,1
3763,4,male,186,1,1
3798,2,male,209,1,1
3814,3,male,41,1,1
3818,2,male,150,1,1
3834,5,female,145,1,1
3843,2,unknown,140,1,1
3846,4,female,175,1,1
3851,0,male,163,1,1
3859,1,female,75,1,1
3866,0,male,35,1,1
3870,0,male,240,1,1
3873,4,male,280,1,1
3890,0,male,153,1,1
3894,0,male,155,1,1
3895,2,male,178,1,1
3911,5,male,220,1,1
3951,5,female,102,1,1
3955,4,male,130,1,1
3966,2,male,225,1,1
3968,5,male,185,1,1
3971,0,male,180,1,1
4003,5,female,269,1,1
4004,3,female,233,1,1
4019,1,female,14,1,1
4026,3,male,26,1,1
4062,4,female,165,1,1
4073,0,female,155,1,1
4074,0,male,172,1,1
4088,0,male,87,1,1
4097,1,female,33,1,1
4146,0,male,220,1,1
4181,1,female,171,1,1
4192,0,male,155,1,1
4212,0,male,31,1,1
4222,0,male,172,1,1
4236,0,unknown,105,1,1
4239,0,male,27,1,1
4251,4,female,175,1,1
4258,5,female,110,1,1
4280,1,unknown,190,1,1
4284,0,female,154,1,1
4285,0,female,115,1,1
4286,0,female,130,1,1
4287,0,female,175,1,1
4291,5,female,138,1,1
4305,0,female,350,1,1
4306,0,male,180,1,1
4324,4,male,125,1,1
4328,0,male,193,,1
4334,3,male,33,1,1
4340,6,male,160,1,1
4347,1,unknown,218,1,1
4353,4,female,100,,1
4361,1,female,81,1,1
4383,5,female,145,1,1
4385,0,male,211,1,1
4386,6,female,27,1,1
4389,0,female,176,1,1
4391,0,male,158,1,1
4400,0,male,164,1,1
4406,5,female,145,1,1
4415,0,male,280,1,1
4434,0,male,169,1,1
4439,1,female,195,1,1
4441,0,female,45,1,1
4444,6,female,170,1,1
4452,0,male,218,1,1
4472,5,male,185,1,1
4486,1,unknown,24,1,1
4488,0,male,177,1,1
4498,0,male,205,1,1
4500,4,female,135,1,1
4517,4,male,170,1,1
4537,0,male,25,1,1
4540,0,male,225,1,1
4544,0,male,41,1,1
4550,2,unknown,43,1,1
4558,0,female,168,1,1
4561,0,female,140,1,1
4570,2,male,165,1,1
4573,0,female,220,1,1
4597,2,male,200,1,1
4604,0,male,30,1,1
4615,1,unknown,140,1,1
4620,0,female,205,1,1
4654,0,male,190,1,1
4656,0,male,35,1,1
4671,0,female,105,1,1
4678,6,unknown,8,1,1
4680,0,female,109,1,1
4682,0,female,120,1,1
4710,5,male,150,1,1
4715,0,female,120,1,1
4717,0,female,86,1,1
4724,1,female,114,1,1
4739,0,male,28,1,1
4770,5,female,113,1,1
4771,5,female,121,1,1
4778,0,female,210,1,1
4780,0,female,80,1,1
4788,1,female,153,1,1
4806,0,female,133,1,1
4815,0,male,188,1,1
4819,5,female,160,1,1
4823,0,female,5,1,1
4827,0,female,140,1,1
4833,4,male,180,1,1
4846,4,female,120,1,1
4869,0,female,212,1,1
4899,0,female,185,1,1
4904,0,female,18,1,1
4906,0,male,240,1,1
4922,1,female,50,1,1
4952,1,male,205,1,1
4953,5,female,200,1,1
4955,0,male,310,1,1
4986,1,male,115,1,1
4994,1,female,140,1,1
4998,0,male,210,1,1
5005,0,female,160,1,1
5007,0,female,24,1,1
5018,1,female,100,1,1
5021,0,female,296,1,1
5023,2,female,125,1,1
5032,0,female,134,1,1
5050,0,female,135,1,1
5051,6,male,14,1,1
5055,0,female,175,1,1
5056,0,female,130,1,1
5061,0,female,130,1,1
5083,5,female,130,1,1
5086,0,female,225,1,1
5091,0,female,135,1,1
5094,4,male,175,1,1
5105,0,female,115,1,1
5114,5,male,147,1,1
5117,4,male,176,1,1
5122,0,male,34,1,1
5128,5,female,135,1,1
5130,4,female,12,1,1
5140,3,male,30,1,1
5141,1,male,225,1,1
5145,6,male,36,1,1
5159,1,unknown,153,1,1
5164,3,female,25,1,1
5168,3,male,122,1,1
5175,4,female,165,1,1
5176,3,male,26,1,1
5187,0,male,175,1,1
5189,0,male,205,1,1
5193,0,male,141,1,1
5208,0,female,107,1,1
5210,0,female,220,1,1
5211,0,female,125,1,1
5222,0,male,230,1,1
5224,6,male,30,1,1
5225,4,female,128,1,1
5249,0,male,215,1,1
5253,0,female,35,1,1
5255,0,female,130,1,1
5256,6,unknown,34,1,1
5258,0,male,134,1,1
5259,5,female,140,1,1
5267,2,male,155,1,1
5280,0,male,170,1,1
5281,0,male,73,1,1
5293,5,female,195,1,1
5308,3,female,150,1,1
5313,0,female,251,1,1
5314,0,male,165,1,1
5319,0,female,180,1,1
5321,0,female,175,1,1
5328,0,male,160,1,1
5331,5,male,175,1,1
5336,6,male,50,1,1
5337,0,male,226,1,1
5339,0,female,180,1,1
5349,0,male,180,1,1
5352,0,male,117,1,1
5355,0,female,200,1,1
5358,0,female,150,1,1
5359,0,female,140,1,1
5360,5,male,245,1,1
5368,0,male,37,1,1
5369,0,female,86,1,1
5370,0,male,21,1,1
5372,5,female,135,1,1
5383,0,male,4,1,1
5386,5,female,190,1,1
5387,6,male,30,1,1
5399,0,female,180,1,1
5405,1,male,175,1,1
5408,0,male,165,1,1
5414,0,female,195,1,1
5423,5,female,160,1,1
5425,4,male,178,1,1
5427,1,male,14,1,1
5428,0,male,54,1,1
5431,1,male,227,1,1
5437,2,female,20,1,1
5449,0,female,180,1,1
5454,0,female,223,1,1
5456,0,female,108,1,1
5457,0,female,180,1,1
5469,6,unknown,61,1,1
5470,5,female,140,1,1
5475,0,male,112,1,1
5482,6,male,27,1,1
5485,0,female,122,1,1
5498,0,male,190,1,1
5510,6,female,94,1,1
5512,3,male,245,1,1
5516,0,female,212,1,1
5523,0,male,14,1,1
5526,0,female,140,1,1
5534,6,female,52,1,1
5536,5,female,145,1,1
5540,0,male,160,1,1
5546,6,female,140,1,1
5548,5,female,241,1,1
5555,0,female,88,1,1
5556,6,male,153,1,1
5561,1,female,200,1,1
5565,5,female,50,1,1
5566,0,female,155,1,1
5577,0,female,140,1,1
5578,6,female,17,1,1
5585,0,male,175,1,1
5586,0,male,18,1,1
5587,0,female,26,1,1
5594,1,female,38,1,1
5601,1,female,44,1,1
5613,0,female,131,1,1
5621,5,female,160,1,1
5634,0,male,20,1,1
5641,0,male,190,1,1
5644,1,female,145,1,1
5649,0,male,145,1,1
5654,1,female,255,1,1
5658,4,female,130,1,1
5659,6,male,30,1,1
5665,6,male,65,1,1
5672,6,unknown,10,1,1
5677,6,male,35,1,1
5689,5,female,129,1,1
5702,0,male,258,1,1
5724,0,female,145,1,1
5727,2,female,64,1,1
5730,1,male,184,1,1
5737,1,male,150,1,1
5747,0,female,112,1,1
5751,0,female,145,1,1
5752,0,male,20,1,1
5761,0,female,207,1,1
5782,0,female,175,1,1
5785,0,female,133,1,1
5798,1,unknown,147,1,1
5806,1,female,12,1,1
5809,5,female,165,1,1
5810,0,female,300,1,1
5815,6,female,43,1,1
5817,6,male,53,1,1
5819,0,male,125,1,1
5823,0,female,206,1,1
5824,5,female,186,1,1
5830,0,female,185,1,1
5833,3,female,19,1,1
5838,1,female,170,1,1
5839,0,male,97,1,1
5842,0,male,170,1,1
5848,0,male,30,1,1
5849,0,female,135,1,1
5850,0,female,259,1,1
5852,1,female,40,1,1
5853,0,male,121,1,1
5863,0,unknown,190,1,1
5864,4,male,153,1,1
5867,0,female,140,1,1
5868,0,female,240,1,1
5874,0,male,52,1,1
5893,6,male,147,1,1
5902,0,female,150,1,1
5907,5,female,180,1,1
5908,6,male,15,1,1
5910,5,female,160,1,1
5915,1,male,160,1,1
5921,0,male,300,1,1
5932,6,female,82,1,1
5935,0,male,138,1,1
5948,0,male,85,1,1
5950,0,male,200,1,1
5951,0,male,208,1,1
5952,0,female,26,1,1
5953,3,female,143,1,1
5958,5,female,310,1,1
5968,0,male,200,1,1
5976,5,female,165,1,1
5990,1,male,209,1,1
5991,0,female,100,1,1
5993,5,female,151,1,1
5995,5,female,113,1,1
5997,6,female,145,1,1
5999,0,female,106,1,1
6004,0,female,60,1,1
6005,0,female,126,1,1
6006,0,male,160,1,1
6009,0,female,65,1,1
6017,0,male,300,1,1
6021,0,female,100,1,1
6022,5,female,170,1,1
6025,1,female,180,1,1
6027,0,female,62,1,1
6030,5,male,179,1,1
6033,0,female,179,1,1
6034,5,female,158,1,1
6039,0,female,180,1,1
6044,3,male,200,1,1
6046,6,female,40,1,1
6048,5,female,138,1,1
6049,0,male,144,1,1
6054,0,male,217,1,1
6057,1,female,85,1,1
6058,3,female,140,1,1
6069,0,male,66,1,1
6082,3,female,7,1,1
6084,2,male,55,1,1
6090,1,male,210,1,1
6092,3,male,163,1,1
6094,0,male,55,1,1
6099,0,male,118,1,1
6104,3,male,77,1,1
6106,0,female,18,1,1
6108,3,male,50,1,1
6109,5,female,160,1,1
6112,0,female,1,1,1
6116,0,female,176,1,1
6119,0,female,122,1,1
6138,4,female,160,1,1
6148,0,male,170,1,1
6150,1,female,95,1,1
6155,0,male,85,1,1
6159,1,male,25,1,1
6166,0,male,145,1,1
6169,3,male,20,1,1
6170,3,male,158,1,1
6172,3,female,114,1,1
6175,5,male,160,1,1
6181,6,male,17,1,1
6193,1,male,42,1,1
6194,0,male,135,1,1
6199,0,male,275,1,1
6202,0,male,180,1,1
6203,6,male,67,1,1
6204,0,female,120,1,1
6207,0,male,195,1,1
6213,0,female,162,1,1
6216,6,female,39,1,1
6225,0,male,190,1,1
6227,0,male,135,1,1
6228,5,female,200,1,1
6229,0,female,150,1,1
6230,6,male,20,1,1
6234,5,female,145,1,1
6236,0,male,154,1,1
6242,0,female,32,1,1
6247,0,unknown,150,1,1
6250,0,male,185,1,1
6264,0,male,157,1,1
6267,3,female,142,1,1
6268,1,male,257,1,1
6270,3,female,60,1,1
6271,6,female,160,1,1
6279,0,male,60,1,1
6285,5,male,234,1,1
6289,0,male,160,1,1
6290,0,male,181,1,1
6292,3,male,15,1,1
6298,0,female,178,1,1
6313,0,female,238,1,1
6319,3,female,321,1,1
6326,1,female,130,1,1
6335,0,male,129,1,1
6339,0,female,64,1,1
6341,0,male,185,1,1
6365,0,female,150,1,1
6368,0,female,190,1,1
6369,0,male,23,1,1
6396,0,female,118,1,1
6397,0,female,17,1,1
6401,0,male,62,1,1
6403,0,female,210,1,1
6404,1,unknown,160,1,1
6410,6,female,22,1,1
6413,0,male,160,1,1
6416,5,female,150,,1
6422,0,male,245,1,1
6427,0,female,155,1,1
6432,0,female,50,1,1
6433,5,male,206,1,1
6441,1,female,102,1,1
6442,4,male,161,1,1
6450,0,female,125,1,1
6457,0,female,168,1,1
6462,5,female,130,1,1
6465,6,unknown,125,1,1
6470,0,female,220,1,1
6472,5,female,250,1,1
6476,0,male,190,1,1
6481,0,female,40,1,1
6483,0,male,160,1,1
6484,0,female,165,1,1
6489,0,female,241,1,1
6491,0,female,130,1,1
6498,3,female,36,1,1
6499,0,female,105,1,1
6504,0,male,167,1,1
6505,4,female,160,1,1
6509,0,female,53,1,1
6512,6,male,40,1,1
6514,5,female,230,1,1
6516,2,male,180,1,1
6520,0,female,155,1,1
6524,5,male,205,1,1
6526,1,female,188,1,1
6527,2,female,120,1,1
6534,6,unknown,25,1,1
6535,0,male,201,1,1
6537,1,unknown,21,1,1
6540,0,male,210,1,1
6541,6,male,146,1,1
6543,6,unknown,154,1,1
6549,0,male,215,1,1
6551,4,female,50,1,1
6552,0,female,190,1,1
6566,5,female,190,1,1
6572,6,female,175,1,1
6573,0,male,90,1,1
6575,3,female,53,1,1
6578,1,unknown,233,1,1
6583,5,female,241,1,1
6584,6,female,190,1,1
6589,5,female,178,1,1
6600,6,female,120,1,1
6603,0,female,50,1,1
6604,0,female,111,1,1
6607,3,male,41,1,1
6610,0,female,111,1,1
6625,5,female,144,1,1
6629,5,female,261,1,1
6637,0,male,215,1,1
6649,0,male,197,1,1
6673,0,female,165,1,1
6676,1,unknown,192,1,1
6687,6,female,9,1,1
6700,0,female,100,1,1
6708,0,female,85,1,1
6709,0,female,165,1,1
6722,0,female,60,1,1
6733,5,female,114,1,1
6735,3,male,14,1,1
6737,0,female,107,1,1
6740,0,male,138,1,1
6742,6,male,12,1,1
6750,5,female,138,1,1
6757,0,male,10,1,1
6758,5,female,185,1,1
6764,0,male,10,1,1
6770,2,male,202,1,1
6779,5,male,140,1,1
6796,0,unknown,195,1,1
6799,6,male,100,1,1
6803,5,female,130,1,1
6810,2,female,60,1,1
6811,0,female,114,1,1
6813,0,female,36,1,1
6814,5,male,185,1,1
6827,0,female,175,1,1
6832,0,male,150,1,1
6833,0,male,198,1,1
6834,0,male,250,1,1
6839,0,female,139,1,1
6848,5,female,200,1,1
6856,5,female,170,1,1
6865,6,female,37,1,1
6869,3,male,138,1,1
6871,0,female,140,1,1
6873,0,male,8,1,1
6877,0,male,193,1,1
6878,0,female,135,1,1
6880,0,female,167,1,1
6887,0,male,245,1,1
6889,0,female,265,1,1
6891,0,female,150,1,1
6893,0,female,99,1,1
6894,0,female,85,1,1
6896,6,female,30,1,1
6902,5,male,152,1,1
6905,0,female,135,1,1
6911,0,male,185,1,1
6915,5,female,205,1,1
6926,0,male,120,1,1
6927,5,male,215,1,1
6941,5,female,185,1,1
6942,0,female,33,1,1
6945,0,male,54,1,1
6946,5,female,212,1,1
6952,6,male,28,1,1
6963,0,male,239,1,1
6980,0,female,170,1,1
6983,1,male,15,1,1
6990,3,female,25,1,1
7007,6,female,50,1,1
7009,0,female,165,1,1
7010,5,male,175,1,1
7014,0,male,158,1,1
7020,5,female,250,1,1
7022,1,unknown,90,1,1
7024,0,female,125,1,1
7025,0,female,130,1,1
7031,3,male,160,1,1
7040,6,female,30,1,1
7041,0,male,35,1,1
7058,6,unknown,95,1,1
7068,0,female,90,1,1
7069,5,female,115,1,1
7070,2,unknown,30,1,1
7081,5,female,98,1,1
7082,2,unknown,148,1,1
7084,6,male,45,1,1
7086,5,female,200,1,1
7088,0,female,26,1,1
7089,0,female,190,1,1
7093,6,male,97,1,1
7101,0,female,40,1,1
7104,0,female,150,1,1
7109,0,female,190,1,1
7117,5,female,178,1,1
7120,0,male,200,1,1
7128,6,unknown,12,1,1
7129,0,female,142,1,1
7133,6,female,140,1,1
7135,5,female,148,1,1
7140,0,female,260,1,1
7141,5,female,230,1,1
7147,2,female,165,1,1
7154,5,male,235,1,1
7155,0,male,160,1,1
7163,0,female,200,1,1
7167,0,male,132,1,1
7168,0,female,145,1,1
7172,0,male,64,1,1
7174,3,male,18,1,1
7177,5,female,188,1,1
7178,1,male,110,1,1
7179,0,female,210,1,1
7187,0,female,15,1,1
7188,0,male,260,1,1
7195,5,female,198,1,1
7199,0,female,40,1,1
7200,0,male,180,1,1
7201,0,female,137,1,1
7206,5,female,175,1,1
7207,1,male,151,1,1
7209,3,male,25,1,1
7220,5,female,155,1,1
7225,3,female,89,1,1
7238,1,female,51,1,1
7240,0,male,60,1,1
7241,6,male,25,1,1
7242,0,male,54,1,1
7252,0,male,219,1,1
7253,0,female,160,1,1
7257,0,male,185,1,1
7258,0,male,186,1,1
7270,6,female,53,1,1
7272,0,male,260,1,1
7275,5,male,175,1,1
7278,0,male,210,1,1
7281,0,female,185,1,1
7282,0,male,150,1,1
7286,0,male,208,1,1
7287,0,male,200,1,1
7291,0,female,65,1,1
7304,0,male,230,1,1
7309,0,male,226,1,1
7315,0,male,150,1,1
7317,0,female,123,1,1
7318,0,male,195,1,1
7323,6,male,61,1,1
7329,0,male,170,1,1
7332,0,male,54,1,1
7333,0,male,30,1,1
7335,0,male,18,1,1
7337,6,female,54,1,1
7339,0,female,260,1,1
7342,0,female,150,1,1
7344,0,female,210,1,1
7349,5,male,130,1,1
7352,1,unknown,105,1,1
7354,6,unknown,120,1,1
7357,4,male,140,1,1
7359,5,female,126,1,1
7360,0,male,285,1,1
7368,5,female,130,1,1
7380,0,female,150,1,1
7383,6,male,40,1,1
7388,2,male,35,1,1
7389,0,female,200,,1
7390,0,male,150,1,1
7394,0,female,160,1,1
7395,0,female,140,1,1
7397,0,male,160,1,1
7408,0,male,200,1,1
7412,5,female,155,1,1
7415,0,male,232,1,1
7416,0,male,235,1,1
7417,5,female,135,1,1
7419,3,female,22,1,1
7429,5,female,134,1,1
7432,0,male,201,1,1
7433,2,unknown,37,1,1
7434,0,female,8,1,1
7442,0,male,14,1,1
7445,0,male,105,1,1
7455,0,male,230,1,1
7466,6,female,35,1,1
7470,4,female,150,1,1
7481,1,male,150,1,1
7484,3,male,67,1,1
7490,4,male,30,1,1
7494,6,male,8,1,1
7496,0,female,127,1,1
7498,1,unknown,8,1,1
7504,5,female,140,1,1
7509,0,male,105,1,1
7515,6,male,25,1,1
7517,0,male,198,1,1
7525,1,female,120,1,1
7530,4,male,175,1,1
7532,0,female,174,1,1
7540,0,female,340,1,1
7544,0,female,168,1,1
7546,0,female,15,1,1
7549,5,female,103,1,1
7560,0,male,180,1,1
7561,5,female,115,1,1
7566,3,male,188,1,1
7569,5,female,135,1,1
7578,0,male,190,1,1
7589,1,female,180,1,1
7591,0,female,135,1,1
7594,3,male,161,1,1
7595,5,female,5,1,1
7607,6,male,25,1,1
7609,0,male,220,1,1
7624,0,female,150,1,1
7625,0,female,190,1,1
7630,1,male,160,1,1
7631,3,male,61,1,1
7636,0,male,222,1,1
7637,5,female,150,1,1
7638,5,female,150,1,1
7639,5,female,150,1,1
7640,0,male,130,1,1
7641,0,female,165,1,1
7643,1,male,140,1,1
7647,5,female,190,1,1
7653,5,female,244,1,1
7654,1,unknown,170,1,1
7659,0,female,140,1,1
7669,5,female,108,1,1
7670,0,male,120,1,1
7679,0,male,176,1,1
7680,2,female,13,1,1
7686,3,male,130,1,1
7689,1,female,115,1,1
7698,0,female,110,1,1
7701,6,female,250,1,1
7705,0,male,144,1,1
7706,0,female,123,1,1
7708,0,female,193,1,1
7709,0,male,42,1,1
7711,6,male,60,1,1
7713,0,male,88,1,1
7716,2,unknown,120,1,1
7720,5,male,175,1,1
7728,0,male,30,1,1
7729,0,female,22,1,1
7730,0,male,159,1,1
7738,4,female,135,1,1
7742,5,male,205,1,1
7746,0,female,183,1,1
7749,0,female,210,,1
7760,0,male,50,1,1
7763,0,female,46,1,1
7764,1,unknown,25,1,1
7785,1,male,159,1,1
7787,1,female,268,1,1
7796,1,male,250,1,1
7802,5,male,252,1,1
7804,6,unknown,12,1,1
7806,0,female,80,1,1
7815,0,male,265,1,1
7816,0,male,150,1,1
7819,0,male,160,1,1
7824,5,female,115,1,1
7825,0,male,240,1,1
7829,5,female,235,1,1
7830,0,male,90,1,1
7833,0,female,103,1,1
7837,0,male,157,1,1
7840,0,male,115,1,1
7842,0,female,105,1,1
7846,0,female,190,1,1
7847,0,male,130,1,1
7850,5,female,240,1,1
7851,0,female,179,1,1
7853,3,male,10,1,1
7856,0,male,247,1,1
7857,5,female,170,1,1
7861,5,female,300,1,1
7871,0,male,36,,1
7878,6,female,30,1,1
7879,0,female,150,1,1
7885,0,female,176,1,1
7888,0,female,337,1,1
7892,0,male,160,1,1
7893,0,female,106,1,1
7903,5,female,168,1,1
7904,1,male,145,1,1
7909,0,male,16,1,1
7914,5,male,230,1,1
7920,6,female,127,1,1
7921,0,female,220,1,1
7922,0,female,185,1,1
7925,0,male,230,1,1
7928,5,female,267,1,1
7930,0,female,153,1,1
7932,1,male,158,1,1
7933,0,female,155,1,1
7937,0,female,145,1,1
7939,1,male,174,1,1
7943,0,male,210,1,1
7946,6,female,33,1,1
7949,0,female,215,1,1
7955,0,female,204,1,1
7956,0,female,150,1,1
7971,3,male,165,1,1
7976,0,female,168,1,1
7981,0,male,200,1,1
7989,0,female,120,1,1
7992,6,male,17,1,1
7995,0,male,31,1,1
8001,5,female,135,1,1
8002,4,female,240,1,1
8005,0,male,120,1,1
8008,5,male,150,1,1
8013,5,female,160,1,1
8017,0,female,124,1,1
8018,0,male,175,1,1
8021,0,female,116,1,1
8022,0,male,171,1,1
8023,0,male,302,1,1
8025,1,female,126,1,1
8026,0,female,164,,1
8027,5,male,270,1,1
8028,6,female,130,1,1
8029,5,male,200,1,1
8031,6,male,145,1,1
8033,0,male,230,1,1
8034,0,male,171,1,1
8035,1,unknown,108,1,1
8038,0,female,134,1,1
8048,0,male,210,1,1
8052,0,male,12,1,1
8054,0,male,216,1,1
8056,0,female,190,1,1
8058,0,female,150,1,1
8064,5,female,165,1,1
8068,0,male,230,1,1
8071,0,female,140,1,1
8072,0,male,15,1,1
8073,5,female,135,1,1
8081,6,male,19,1,1
8084,0,female,100,1,1
8085,0,female,130,1,1
8091,0,male,162,1,1
8092,6,female,95,1,1
8093,0,male,70,1,1
8097,0,female,250,1,1
8120,0,female,36,1,1
8123,0,female,292,1,1
8124,0,female,140,1,1
8125,0,female,23,1,1
8128,0,male,193,1,1
8129,0,female,178,1,1
8131,0,female,162,1,1
8132,1,female,50,1,1
8133,3,female,190,1,1
8144,0,female,147,1,1
8145,4,male,170,1,1
8153,0,female,90,1,1
8156,0,male,210,1,1
8164,0,female,120,1,1
8166,1,unknown,17,1,1
8172,1,unknown,183,1,1
8174,3,female,35,1,1
8175,1,male,130,1,1
8178,1,male,12,1,1
8180,0,female,46,1,1
8181,0,female,12,1,1
8182,0,male,173,1,1
8183,0,male,172,1,1
8192,6,male,8,1,1
8194,0,female,140,1,1
8205,5,male,156,1,1
8206,0,male,140,1,1
8207,5,male,215,1,1
8209,0,male,48,1,1
8215,4,male,210,,1
8218,1,female,115,1,1
8221,0,male,50,1,1
8223,0,female,120,1,1
8224,0,male,160,1,1
8226,1,unknown,27,1,1
8230,0,female,199,1,1
8231,1,male,87,1,1
8238,6,male,85,1,1
8243,0,male,180,1,1
8244,1,female,30,1,1
8245,0,male,165,1,1
8247,5,female,120,1,1
8255,0,male,17,1,1
8256,0,male,150,1,1
8261,6,female,30,1,1
8263,1,female,113,1,1
8265,2,unknown,175,1,1
8269,0,female,160,1,1
8279,0,female,205,1,1
8280,5,female,110,1,1
8281,5,female,250,1,1
8289,0,female,161,1,1
8291,5,female,175,1,1
8299,0,female,175,1,1
8300,6,male,40,1,1
8302,6,male,23,1,1
8303,1,unknown,208,1,1
8311,4,female,144,1,1
8313,1,female,125,1,1
8314,0,female,11,1,1
8319,1,female,15,1,1
8320,0,male,100,1,1
8322,1,male,210,1,1
8323,5,male,185,1,1
8329,6,male,180,1,1
8334,3,female,143,1,1
8343,2,male,138,1,1
8349,0,male,162,1,1
8350,0,female,6,1,1
8354,0,male,150,1,1
8363,0,male,160,1,1
8365,1,unknown,130,1,1
8367,0,female,197,1,1
8374,0,male,100,1,1
8376,0,female,36,1,1
8377,0,male,145,1,1
8381,1,unknown,195,1,1
8387,6,male,130,1,1
8389,0,female,146,1,1
8394,0,female,175,1,1
8395,0,female,120,1,1
8398,6,female,32,1,1
8404,0,female,120,1,1
8405,0,female,164,1,1
8412,6,female,100,1,1
8417,1,male,125,1,1
8418,0,male,202,1,1
8421,3,male,28,1,1
8433,0,male,244,1,1
8437,0,female,131,1,1
8441,1,female,260,1,1
8442,0,female,130,1,1
8447,5,female,120,1,1
8452,0,female,105,1,1
8456,0,female,148,1,1
8457,0,female,150,1,1
8463,0,male,160,1,1
8465,0,female,21,1,1
8468,6,unknown,108,1,1
8474,6,male,159,1,1
8480,0,female,220,1,1
8483,0,male,200,1,1
8492,0,male,141,1,1
8493,0,female,26,1,1
8494,0,female,90,1,1
8500,1,female,125,1,1
8507,0,female,125,1,1
8508,1,male,242,1,1
8512,5,female,126,1,1
8515,0,unknown,235,1,1
8517,0,male,40,1,1
8521,0,female,115,1,1
8530,2,male,119,1,1
8532,0,male,130,1,1
8533,5,male,170,1,1
8535,1,female,240,1,1
8536,0,female,125,1,1
8537,0,male,172,1,1
8538,0,female,105,1,1
8544,6,female,85,1,1
8545,0,female,170,1,1
8546,0,female,110,1,1
8548,0,unknown,167,1,1
8553,1,female,145,1,1
8556,0,male,180,1,1
8557,1,female,95,1,1
8564,6,male,145,1,1
8566,0,female,120,1,1
8570,0,male,210,1,1
8577,6,unknown,17,1,1
8580,0,male,250,1,1
8582,0,male,165,1,1
8584,5,female,155,1,1
8592,4,male,220,1,1
8596,3,female,78,1,1
8607,0,female,130,1,1
8617,0,male,115,1,1
8620,0,female,165,1,1
8626,6,male,25,1,1
8632,1,male,175,1,1
8634,6,male,28,1,1
8653,4,female,27,1,1
8654,0,female,60,1,1
8656,0,male,179,1,1
8657,1,unknown,75,1,1
8665,0,male,180,1,1
8666,0,female,20,1,1
8667,0,female,140,1,1
8669,0,male,230,1,1
8671,0,female,104,1,1
8672,0,male,170,1,1
8673,0,male,210,1,1
8674,0,male,155,1,1
8675,0,male,135,1,1
8676,5,female,104,1,1
8678,5,female,180,1,1
8682,0,female,150,1,1
8683,0,male,150,1,1
8689,0,male,205,1,1
8691,5,male,200,1,1
8693,0,male,191,1,1
8705,5,female,120,1,1
8715,0,male,146,1,1
8717,0,male,172,1,1
8723,0,female,65,1,1
8726,0,male,217,1,1
8728,0,female,180,1,1
8731,2,male,194,1,1
8745,6,female,110,1,1
8752,2,male,33,1,1
8755,0,female,170,1,1
8756,0,unknown,185,1,1
8757,0,female,115,1,1
8759,6,female,22,1,1
8763,0,female,150,1,1
8766,0,male,200,1,1
8767,0,female,160,1,1
8773,0,male,150,1,1
8780,5,female,190,1,1
8781,0,male,60,1,1
8783,0,female,173,1,1
8791,0,female,41,1,1
8805,6,male,152,1,1
8806,0,female,120,1,1
8816,0,female,142,1,1
8818,0,male,152,1,1
8824,4,female,150,1,1
8830,0,female,150,1,1
8831,0,male,57,1,1
8832,0,female,143,1,1
8836,6,female,32,1,1
8840,0,female,180,1,1
8841,0,male,205,1,1
8847,0,male,175,1,1
8848,0,female,160,1,1
8849,0,female,57,1,1
8850,0,male,225,1,1
8851,0,male,30,1,1
8852,4,male,220,1,1
8853,0,female,128,1,1
8857,0,male,245,1,1
8858,6,unknown,100,1,1
8863,0,female,150,1,1
8864,0,male,205,1,1
8865,0,male,150,1,1
8870,0,male,230,1,1
8884,0,unknown,100,1,1
8888,0,female,200,1,1
8890,6,male,109,1,1
8892,0,male,276,1,1
8894,0,female,185,1,1
8897,5,female,122,1,1
8898,0,female,170,1,1
8918,5,female,145,1,1
8924,3,male,14,1,1
8932,4,unknown,220,1,1
8935,0,male,150,1,1
8937,5,female,160,1,1
8941,4,female,100,1,1
8949,0,male,43,1,1
8953,0,female,135,1,1
8956,2,female,18,1,1
8959,0,female,135,1,1
8960,0,male,153,1,1
8964,0,female,57,1,1
8966,4,female,130,1,1
8967,0,female,92,1,1
8969,0,female,102,1,1
8973,4,male,130,1,1
8974,0,male,25,1,1
8975,0,female,155,1,1
8979,0,female,151,1,1
8980,1,male,187,1,1
8986,0,female,43,1,1
8987,0,male,180,1,1
8988,0,female,162,1,1
8993,0,male,235,1,1
9002,1,female,99,1,1
9005,1,male,117,1,1
9013,6,male,50,1,1
9021,0,female,120,1,1
9022,0,male,265,1,1
9028,1,male,5,1,1
9033,1,male,190,1,1
9034,0,male,90,1,1
9036,0,male,16,1,1
9039,6,unknown,35,1,1
9040,3,female,17,1,1
9044,0,female,140,1,1
9053,0,male,110,1,1
9054,3,female,55,1,1
9058,3,female,141,1,1
9059,0,female,99,1,1
9063,0,female,135,1,1
9064,0,female,118,1,1
9067,0,male,180,1,1
9070,6,unknown,21,1,1
9078,5,female,110,1,1
9080,0,female,110,1,1
9082,1,male,284,1,1
9092,6,female,50,1,1
9094,0,female,7,1,1
9099,5,male,164,1,1
9100,5,female,117,1,1
9104,0,male,187,1,1
9107,0,female,175,1,1
9108,5,female,250,1,1
9110,0,male,175,1,1
9114,0,male,185,1,1
9126,0,female,82,1,1
9128,0,female,46,1,1
9132,0,male,50,1,1
9136,0,female,142,1,1
9138,6,male,100,1,1
9140,0,male,155,1,1
9146,1,male,225,1,1
9148,0,female,149,1,1
9163,0,female,162,1,1
9164,0,female,130,1,1
9168,6,male,50,1,1
9171,0,female,87,1,1
9173,0,male,147,1,1
9177,0,female,148,1,1
9179,0,male,215,1,1
9180,0,male,127,1,1
9181,0,male,275,1,1
9182,0,female,40,1,1
9193,1,unknown,237,1,1
9203,0,female,200,1,1
9204,3,female,118,1,1
9205,0,male,160,1,1
9211,3,male,160,1,1
9213,0,male,140,1,1
9215,0,female,115,1,1
9223,4,female,174,1,1
9226,0,male,230,1,1
9228,0,male,65,1,1
9230,0,female,146,1,1
9235,0,female,140,1,1
9236,0,male,205,1,1
9237,2,female,50,1,1
9239,0,female,148,1,1
9240,0,male,185,1,1
9242,0,male,30,1,1
9243,0,female,128,1,1
9253,0,male,52,1,1
9262,0,female,245,1,1
9267,0,female,120,,1
9268,0,female,185,1,1
9269,0,female,140,1,1
9270,2,male,259,1,1
9274,5,female,125,1,1
9277,0,female,140,1,1
9278,5,female,5,1,1
9283,4,female,230,1,1
9286,0,male,170,1,1
9290,3,female,57,1,1
9294,0,male,127,1,1
9295,6,male,125,1,1
9297,6,male,165,1,1
9298,0,male,255,1,1
9299,0,female,176,1,1
9300,1,male,200,1,1
9311,0,male,175,1,1
9316,0,male,110,1,1
9320,5,female,150,1,1
9323,3,female,15,1,1
9327,3,male,225,1,1
9338,1,male,180,1,1
9342,4,female,135,1,1
9349,0,female,130,1,1
9352,5,female,190,1,1
9354,5,male,190,1,1
9361,6,female,24,1,1
9362,1,female,107,1,1
9365,0,female,162,1,1
9370,0,female,190,1,1
9373,0,male,27,1,1
9374,0,female,115,1,1
9375,2,female,50,1,1
9382,6,male,50,1,1
9383,5,female,145,1,1
9393,0,male,159,1,1
9394,0,male,44,1,1
9402,0,female,121,1,1
9408,0,male,13,1,1
9411,5,male,190,1,1
9415,4,female,160,1,1
9418,6,male,46,,1
9419,0,male,135,1,1
9421,0,female,72,1,1
9422,0,female,180,1,1
9427,0,male,135,1,1
9428,0,female,175,1,1
9456,1,male,140,1,1
9457,0,male,18,1,1
9473,0,female,125,1,1
9480,0,male,145,1,1
9481,0,male,128,1,1
9483,0,female,35,1,1
9487,0,male,180,1,1
9489,0,female,15,1,1
9490,6,female,120,1,1
9492,0,female,113,1,1
9508,6,male,170,1,1
9509,6,male,79,1,1
9513,0,male,111,1,1
9514,1,female,190,1,1
9520,6,male,42,1,1
9522,0,female,143,1,1
9523,1,female,200,1,1
9525,0,female,138,1,1
9526,0,male,144,1,1
9531,6,male,180,1,1
9532,6,male,35,1,1
9537,0,female,129,1,1
9551,0,female,117,1,1
9556,1,female,170,1,1
9560,6,female,45,1,1
9561,0,female,195,1,1
9564,5,female,131,1,1
9565,1,male,188,1,1
9569,0,female,40,1,1
9575,0,male,146,1,1
9576,1,male,184,1,1
9578,1,male,190,1,1
9582,1,male,152,1,1
9584,0,female,207,1,1
9585,1,male,131,1,1
9589,0,male,218,1,1
9591,0,female,130,1,1
9595,6,male,100,1,1
9609,0,female,30,1,1
9613,0,male,220,1,1
9616,0,male,160,1,1
9619,0,female,185,1,1
9621,0,male,230,1,1
9623,0,male,134,1,1
9628,5,female,168,1,1
9631,0,female,140,1,1
9633,0,male,176,1,1
9641,0,female,187,1,1
9642,0,male,135,1,1
9643,0,male,29,1,1
9645,0,female,144,1,1
9648,0,male,200,1,1
9649,0,female,211,,1
9651,0,female,160,1,1
9652,0,male,142,1,1
9655,0,male,210,1,1
9669,0,female,157,1,1
9670,0,male,170,1,1
9671,0,female,200,1,1
9672,5,male,155,1,1
9674,1,male,190,1,1
9677,0,unknown,205,1,1
9678,0,female,175,1,1
9680,0,male,130,1,1
9681,0,male,120,1,1
9685,0,male,165,1,1
9690,6,female,20,1,1
9692,5,female,204,1,1
9695,0,female,170,1,1
9697,0,male,174,1,1
9699,5,female,180,1,1
9700,2,male,145,1,1
9707,0,female,151,1,1
9714,0,female,145,1,1
9716,0,male,162,1,1
9718,0,male,54,1,1
9720,0,male,8,1,1
9728,0,male,20,1,1
9729,5,female,187,1,1
9744,0,male,216,1,1
9755,4,female,180,1,1
9761,0,unknown,65,1,1
9762,0,male,160,1,1
9765,0,male,74,1,1
9766,5,male,170,1,1
9769,0,male,240,1,1
9774,0,female,180,1,1
9780,0,male,162,1,1
9782,1,male,225,1,1
9783,0,female,25,1,1
9784,0,female,220,1,1
9790,5,female,130,1,1
9791,0,male,40,1,1
9794,0,female,144,1,1
9801,0,female,95,1,1
9803,5,female,135,1,1
9805,0,female,130,1,1
9813,0,female,18,1,1
9815,0,male,250,1,1
9817,5,male,170,1,1
9819,1,male,24,1,1
9824,1,male,123,1,1
9844,5,female,125,1,1
9848,5,female,126,1,1
9857,0,female,192,1,1
9862,0,female,221,1,1
9863,0,male,200,1,1
9864,0,male,190,1,1
9867,0,female,130,1,1
9869,2,unknown,162,1,1
9871,0,female,130,1,1
9878,0,female,192,1,1
9882,6,female,95,1,1
9883,4,male,51,1,1
9885,1,male,303,1,1
9888,5,female,200,1,1
9889,0,male,142,1,1
9890,4,male,225,1,1
9891,5,female,178,1,1
9893,0,male,37,1,1
9894,0,male,275,1,1
9895,0,female,223,,1
9896,5,female,180,1,1
9907,6,female,38,1,1
9908,6,female,18,1,1
9909,0,female,120,1,1
9910,0,unknown,165,,1
9914,6,female,160,1,1
9917,0,male,20,1,1
9919,0,male,101,1,1
9924,1,male,29,1,1
9925,1,female,170,1,1
9933,0,female,100,1,1
9936,0,female,185,1,1
9937,5,female,108,1,1
9940,6,female,33,1,1
9942,0,female,140,1,1
9944,0,male,211,1,1
9945,0,female,150,1,1
9949,6,male,126,1,1
9950,1,male,200,1,1
9951,0,male,250,1,1
9953,0,female,186,1,1
9955,0,male,145,1,1
9957,1,male,222,1,1
9958,5,female,163,1,1
9959,0,male,90,1,1
9962,0,male,70,1,1
9966,6,male,60,1,1
9969,0,male,152,1,1
9982,5,male,160,1,1
9986,0,female,135,1,1
9987,0,male,170,1,1
9989,6,female,11,1,1
9990,1,male,25,1,1
9993,0,male,174,1,1
9997,0,male,18,1,1
10000,0,female,57,1,1
10001,0,female,150,1,1
10002,0,female,170,1,1
10005,6,male,65,1,1
10011,1,female,212,1,1
10015,5,female,157,1,1
10016,0,female,100,1,1
10017,0,male,185,1,1
10019,0,male,187,1,1
10020,0,female,215,,1
10021,0,male,54,1,1
10023,0,male,249,1,1
10024,0,unknown,170,1,1
10028,5,male,180,1,1
10032,0,female,110,1,1
10037,0,female,23,1,1
10040,0,male,258,,1
10042,5,female,140,1,1
10044,0,female,140,1,1
10045,0,female,225,1,1
10046,1,male,190,1,1
10053,0,female,18,1,1
10055,1,male,2147483647,1,1
10068,0,,0,,1
10069,0,female,330,1,1
10075,0,male,217,,1
10092,0,,0,,1
10093,0,male,75,1,1
10095,0,,0,,1
10098,5,female,200,1,1
10102,0,male,108,,1
10103,0,female,115,,1
10108,0,male,123,,1
10112,2,female,130,,1
10116,4,female,147,1,1
10117,5,male,160,1,1
10120,5,female,140,,1
10122,5,male,210,1,1
10128,0,female,125,,1
10130,5,male,165,1,1
10135,6,female,24,1,1
10137,6,male,45,1,1
10138,5,male,215,1,1
10139,0,female,140,,1
10140,1,female,300,1,1
10141,1,female,154,1,1
10143,0,female,155,1,1
10149,0,female,150,1,1
10151,0,male,140,,1
10156,0,female,58,,1
10164,0,female,112,,1
10166,0,,0,,1
10172,0,female,125,1,1
10173,0,male,180,,1
10174,0,,0,,1
10178,0,female,154,,1
10180,1,male,190,1,1
10186,0,female,140,1,1
10188,0,male,226,1,1
10189,4,female,127,,1
10190,5,female,240,1,1
10197,0,male,234,1,1
10199,5,male,135,1,1
10201,5,male,205,,1
10205,0,male,160,,1
10208,0,male,235,1,1
10211,0,female,295,1,1
10213,0,unknown,100,,1
10216,0,female,240,1,1
10217,1,male,146,1,1
10220,0,female,200,1,1
10223,0,male,190,1,1
10224,0,male,13,,1
10228,1,female,170,1,1
10237,1,male,125,1,1
10239,0,female,125,1,1
10243,0,male,21,,1
10244,6,female,120,,1
10246,0,female,160,,1
10249,4,male,160,,1
10252,1,male,68,1,1
10253,5,female,180,1,1
10258,0,male,167,1,1
10259,0,female,124,1,1
10260,0,female,138,,1
10264,0,male,160,,1
10265,0,female,38,1,1
10266,2,male,69,,1
10267,0,,0,,1
10268,0,male,72,1,1
10269,0,male,150,1,1
10270,0,female,,,1
10272,6,female,60,,1
10273,0,male,125,,1
10274,0,male,180,,1
10275,6,female,80,,1
10284,0,,0,,1
10286,0,male,175,,1
10288,0,,0,,1
10292,4,female,118,,1
10295,0,,0,,1
10299,0,male,236,,1
10300,5,male,180,1,1
10303,1,male,155,1,1
10307,0,female,145,,1
10308,1,male,185,1,1
10311,5,female,115,,1
10313,0,female,160,1,1
10314,1,female,158,,1
10315,0,,0,,1
10317,6,female,140,,1
10321,1,female,152,,1
10323,0,,0,,1
10325,1,male,103,1,1
10330,0,,0,,1
10339,6,male,40,1,1
10341,1,female,156,1,1
10343,5,male,160,,1
10346,2,male,195,,1
10349,0,male,200,,1
10354,0,,0,,1
10357,5,female,185,1,1
10358,0,male,136,1,1
10359,0,male,202,,1
10361,0,,92,,1
10363,0,,0,,1
10365,0,female,155,,1
10368,0,,0,,1
10371,6,male,210,1,1
10373,0,male,186,,1
10375,0,male,165,,1
10376,0,male,37,,1
10378,0,,0,,1
10379,0,male,290,,1
10381,6,female,32,,1
10384,0,female,226,,1
10386,0,male,195,,1
10388,6,female,60,,1
10390,0,male,5,,1
10397,0,,0,,1
10398,0,male,155,,1
10409,0,female,7,,1
10431,6,female,68,,1
10432,0,female,150,,1
10433,0,female,167,,1
10434,6,female,45,,1
10436,4,female,125,1,1
10438,0,male,16,,1
10439,0,,0,,1
10440,0,female,20,,1
10441,6,male,56,,1
10452,6,male,127,,1
10459,0,male,150,,1
10464,0,male,194,,1
10465,0,female,159,,1
10471,4,male,135,,1
10472,1,female,222,,1
10476,0,male,130,,1
10478,0,female,220,,1
10491,0,female,120,,1
10519,0,male,190,,1
10525,0,male,175,,1
74,0,male,180,,0
89,1,male,200,,0
291,1,,0,,0
359,6,,180,,0
375,6,male,110,,0
379,6,,0,,0
383,4,female,115,,0
385,5,,184,,0
386,6,,45,,0
387,6,,130,,0
393,1,,0,,0
409,4,,0,,0
414,6,,0,,0
423,4,,0,,0
429,5,,0,,0
436,5,,223,,0
449,5,,110,,0
452,5,,0,,0
465,4,,125,,0
472,6,,0,,0
479,2,,142,,0
481,6,,25,,0
489,5,,0,,0
491,5,,150,,0
492,5,,175,,0
503,1,,0,,0
504,5,,132,,0
513,4,,0,,0
514,5,,192,,0
515,5,,0,,0
516,5,,0,,0
529,6,,108,,0
539,5,,121,,0
545,5,,0,,0
546,1,,152,,0
547,5,,160,,0
553,5,,125,,0
561,5,,165,,0
568,5,male,170,,0
570,5,female,134,,0
576,5,,0,,0
578,6,female,145,,0
583,4,female,0,,0
584,4,female,160,,0
586,5,male,182,,0
592,5,female,120,,0
598,1,female,0,,0
637,1,,220,,0
641,4,male,120,,0
642,5,,0,,0
643,6,,140,,0
648,5,male,125,,0
651,5,male,200,,0
662,5,,0,,0
663,5,female,253,,0
666,4,male,155,,0
668,5,female,185,,0
672,5,female,90,,0
673,5,female,140,,0
681,2,,152,,0
685,3,,0,,0
688,5,male,160,,0
691,4,male,0,,0
694,4,,0,,0
700,1,,0,,0
707,4,female,100,,0
711,4,male,210,,0
712,3,male,190,,0
720,5,,0,,0
724,5,,0,,0
730,6,female,160,,0
738,5,female,0,,0
746,5,female,190,,0
747,6,,62,,0
758,5,female,190,,0
764,5,,0,,0
770,6,,0,,0
774,1,,189,,0
778,2,,175,,0
779,6,,40,,0
783,5,female,200,,0
789,5,female,150,,0
801,5,female,170,,0
813,6,female,147,,0
814,6,,38,,0
817,5,male,200,,0
819,5,male,150,,0
822,5,female,160,,0
829,6,,0,,0
830,5,,0,,0
856,5,,0,,0
857,6,,0,,0
859,5,male,150,,0
860,4,female,0,,0
861,5,female,284,,0
867,5,,0,,0
868,5,female,120,,0
869,5,male,230,,0
872,5,female,230,,0
878,6,,85,,0
887,1,,170,,0
890,3,,0,,0
892,4,,0,,0
893,6,,295,,0
898,1,,0,,0
901,5,female,190,,0
904,5,female,200,,0
922,6,,175,,0
926,5,male,200,,0
928,5,female,115,,0
929,5,female,155,,0
930,4,female,137,,0
931,5,female,200,,0
936,5,female,150,,0
943,5,female,200,,0
948,5,male,210,,0
949,5,female,180,,0
950,5,female,0,,0
958,4,male,180,,0
959,5,male,205,,0
967,5,male,160,,0
970,5,female,195,,0
974,5,female,200,,0
979,4,,0,,0
989,1,,0,,0
991,3,,0,,0
998,5,female,150,,0
999,5,female,148,,0
1005,5,male,155,,0
1011,4,female,140,,0
1012,5,female,200,,0
1014,5,female,150,,0
1015,5,female,161,,0
1023,5,female,140,,0
1044,5,male,195,,0
1053,4,female,115,,0
1060,3,male,188,,0
1068,4,,0,,0
1071,6,,0,,0
1089,5,female,40,,0
1093,4,,0,,0
1099,5,,0,,0
1101,5,female,140,,0
1102,6,,230,,0
1103,5,female,177,,0
1106,5,female,175,,0
1127,4,male,0,,0
1133,5,female,142,,0
1147,6,,13,,0
1148,6,,0,,0
1157,4,,0,,0
1163,5,female,140,,0
1164,4,male,5,,0
1167,6,,140,,0
1168,5,male,213,,0
1169,4,male,0,,0
1170,4,male,0,,0
1178,6,,40,,0
1181,5,female,190,,0
1183,5,female,150,,0
1187,5,female,0,,0
1191,5,female,5,,0
1194,4,male,120,,0
1199,2,,0,,0
1201,5,female,5,,0
1202,5,female,247,,0
1206,4,,0,,0
1207,1,male,6,,0
1211,4,,0,,0
1216,5,female,135,,0
1219,4,female,140,,0
1221,4,female,0,,0
1223,5,,0,,0
1232,5,male,150,,0
1237,3,female,138,,0
1238,4,female,150,,0
1241,6,,85,,0
1242,5,female,200,,0
1245,4,male,175,,0
1246,4,male,130,,0
1247,5,female,0,,0
1248,4,male,265,,0
1251,5,female,145,,0
1253,5,,145,,0
1254,5,female,148,,0
1255,5,male,250,,0
1258,5,,0,,0
1261,4,female,0,,0
1262,5,female,165,,0
1266,6,,0,,0
1268,5,female,230,,0
1272,5,female,250,,0
1273,1,male,,,0
1278,1,,167,,0
1282,6,female,130,,0
1285,4,male,0,,0
1286,4,male,150,,0
1290,6,,140,,0
1293,6,,85,,0
1294,5,,0,,0
1297,6,,200,,0
1298,6,,48,,0
1299,5,female,195,,0
1302,6,,8,,0
1303,4,male,20,,0
1304,5,female,148,,0
1305,3,,0,,0
1308,5,female,0,,0
1309,5,male,245,,0
1311,6,,240,,0
1312,5,,0,,0
1317,6,,33,,0
1322,5,female,195,,0
1325,3,male,205,,0
1327,5,,0,,0
1329,5,male,186,,0
1332,1,,0,,0
1335,6,,125,,0
1339,4,female,200,,0
1347,5,female,130,,0
1354,5,female,160,,0
1356,1,,0,,0
1362,4,female,167,,0
1365,4,,0,,0
1366,4,female,180,,0
1367,6,,0,,0
1370,4,female,0,,0
1371,6,,140,,0
1373,5,female,105,,0
1374,5,female,130,,0
1377,6,unknown,57,,0
1378,1,female,108,,0
1379,4,female,0,,0
1384,6,,0,,0
1392,4,,0,,0
1395,4,,0,,0
1402,5,male,185,,0
1404,6,,0,,0
1405,6,,55,,0
1407,5,,0,,0
1408,5,female,0,,0
1409,4,male,0,,0
1411,4,,0,,0
1413,5,female,90,,0
1415,5,male,176,,0
1416,6,,42,,0
1417,6,,0,,0
1418,5,female,0,,0
1420,3,female,160,,0
1421,6,,23,,0
1424,5,,0,,0
1426,4,male,145,,0
1427,4,male,145,,0
1432,5,female,145,,0
1439,4,,0,,0
1440,5,female,220,,0
1445,4,female,180,,0
1449,4,female,140,,0
1451,5,female,260,,0
1460,5,female,170,,0
1461,6,,125,,0
1478,6,,100,,0
1483,4,male,0,,0
1489,5,female,0,,0
1492,1,,66,,0
1499,6,,35,,0
1500,5,male,165,,0
1516,3,female,0,,0
1517,6,,45,,0
1521,4,female,180,,0
1525,4,male,19,,0
1527,4,male,130,,0
1528,5,male,156,,0
1531,6,,110,,0
1532,4,male,250,,0
1537,1,,0,,0
1538,3,,0,,0
1549,5,female,165,,0
1550,4,female,0,,0
1555,6,female,26,,0
1556,6,,135,,0
1558,5,,0,,0
1562,4,male,190,,0
1566,5,male,220,,0
1568,4,male,178,,0
1572,5,male,180,,0
1574,6,,104,,0
1578,4,female,130,,0
1585,5,male,225,,0
1587,6,,12,,0
1588,5,female,128,,0
1589,6,,265,,0
1590,5,female,168,,0
1596,6,,0,,0
1599,4,,0,,0
1607,6,,160,,0
1613,3,female,190,,0
1614,4,female,135,,0
1619,4,,0,,0
1621,4,,0,,0
1628,5,male,196,,0
1632,5,male,160,,0
1633,5,female,180,,0
1637,1,,0,,0
1640,4,,0,,0
1644,5,male,175,,0
1652,1,,160,,0
1663,6,,125,,0
1669,4,,0,,0
1670,6,,0,,0
1680,4,male,200,,0
1684,1,,0,,0
1685,5,,0,,0
1687,4,male,230,,0
1689,5,,0,,0
1692,5,female,158,,0
1693,6,,80,,0
1695,4,male,260,,0
1696,4,male,260,,0
1700,6,,20,,0
1701,5,,0,,0
1706,5,,0,,0
1707,5,male,275,,0
1708,5,male,275,,0
1709,4,male,50,,0
1711,5,male,263,,0
1714,5,female,234,,0
1718,5,female,270,,0
1719,4,female,150,,0
1721,4,female,125,,0
1724,5,female,234,,0
1726,5,female,183,,0
1727,4,male,190,,0
1729,4,female,0,,0
1730,4,,0,,0
1731,0,,0,,0
1734,5,female,155,,0
1735,2,,0,,0
1741,4,,0,,0
1742,5,male,185,,0
1743,6,female,50,,0
1745,4,male,170,,0
1749,5,female,135,,0
1750,5,female,108,,0
1755,1,,0,,0
1758,5,,0,,0
1759,5,female,140,,0
1760,6,,0,,0
1761,0,,270,,0
1774,6,,25,,0
1775,6,,60,,0
1776,6,,118,,0
1777,4,,0,,0
1780,1,,112,,0
1781,4,,0,,0
1788,6,male,141,,0
1792,4,female,80,,0
1794,4,female,200,,0
1795,5,female,195,,0
1796,6,,0,,0
1798,4,,0,,0
1799,4,male,160,,0
1800,4,male,167,,0
1801,4,male,220,,0
1802,5,female,150,,0
1805,6,,145,,0
1806,4,,0,,0
1807,5,female,170,,0
1808,5,female,160,,0
1809,1,,0,,0
1811,4,female,265,,0
1812,4,male,250,,0
1813,4,female,0,,0
1816,5,female,180,,0
1818,4,female,160,,0
1819,0,,307,,0
1820,5,female,220,,0
1822,5,,0,,0
1823,5,female,179,,0
1825,6,female,0,,0
1827,6,,0,,0
1830,6,,4,,0
1831,5,male,200,,0
1836,1,,155,,0
1837,0,,,,0
1841,4,,0,,0
1843,0,,200,,0
1845,4,,0,,0
1847,6,,0,,0
1849,3,,0,,0
1853,3,female,0,,0
1858,5,male,280,,0
1859,5,female,0,,0
1860,4,male,200,,0
1863,5,,0,,0
1864,6,,42,,0
1867,3,,0,,0
1875,5,male,164,,0
1876,1,,0,,0
1877,0,,,,0
1882,4,female,0,,0
1884,4,,0,,0
1886,1,,188,,0
1887,6,,0,,0
1889,4,,0,,0
1893,5,female,185,,0
1896,5,,0,,0
1897,4,male,115,,0
1899,5,male,195,,0
1903,1,,0,,0
1905,5,female,140,,0
1906,5,female,130,,0
1907,4,male,198,,0
1908,6,,122,,0
1911,5,female,210,,0
1912,6,male,26,,0
1913,6,male,0,,0
1915,5,male,145,,0
1916,6,,35,,0
1918,5,female,220,,0
1919,5,female,220,,0
1920,3,male,0,,0
1922,5,,0,,0
1923,4,female,300,,0
1924,6,,185,,0
1925,5,male,155,,0
1926,4,male,300,,0
1928,4,,0,,0
1929,2,,68,,0
1931,6,,50,,0
1936,4,,0,,0
1937,4,male,200,,0
1938,4,female,0,,0
1941,4,female,120,,0
1942,5,male,170,,0
1943,3,,0,,0
1944,3,female,106,,0
1946,6,,115,,0
1947,5,,0,,0
1948,5,female,144,,0
1950,5,female,127,,0
1953,5,female,220,,0
1956,6,,0,,0
1958,6,,0,,0
1959,5,female,105,,0
1962,6,female,140,,0
1964,4,,0,,0
1965,4,male,0,,0
1968,4,female,98,,0
1972,5,male,164,,0
1975,6,,70,,0
1978,5,male,170,,0
1979,4,female,160,,0
1980,5,female,200,,0
1984,6,,4,,0
1985,4,,0,,0
1986,4,,0,,0
1987,4,,0,,0
1989,5,female,130,,0
1990,5,female,140,,0
1992,6,,5,,0
1993,5,female,94,,0
1997,1,,0,,0
1998,4,male,0,,0
1999,1,female,150,,0
2000,4,,0,,0
2006,4,male,109,,0
2007,1,,143,,0
2008,4,female,0,,0
2009,4,male,145,,0
2010,0,male,120,,0
2012,5,male,190,,0
2013,5,male,0,,0
2014,6,,0,,0
2015,4,,0,,0
2019,5,male,180,,0
2020,4,male,0,,0
2023,5,male,210,,0
2024,6,,107,,0
2025,5,male,180,,0
2031,1,,78,,0
2032,5,female,140,,0
2034,5,male,130,,0
2037,4,male,164,,0
2039,6,female,27,,0
2040,5,male,0,,0
2041,1,,0,,0
2043,6,,45,,0
2044,1,,127,,0
2045,6,,0,,0
2046,1,,0,,0
2047,1,,0,,0
2050,5,female,170,,0
2052,4,male,200,,0
2053,5,,0,,0
2054,4,male,170,,0
2056,6,,0,,0
2058,6,,0,,0
2060,6,,66,,0
2061,6,,52,,0
2062,4,male,0,,0
2068,1,,145,,0
2069,5,,0,,0
2071,5,male,200,,0
2072,1,male,200,,0
2073,4,female,0,,0
2074,5,male,200,,0
2075,4,male,0,,0
2077,4,female,150,,0
2082,5,male,165,,0
2083,5,female,285,,0
2084,5,female,209,,0
2085,6,,0,,0
2087,6,,0,,0
2088,4,female,180,,0
2090,4,,0,,0
2103,2,,218,,0
2105,5,female,0,,0
2109,5,male,160,,0
2110,1,,0,,0
2111,1,,120,,0
2115,5,female,270,,0
2117,1,,0,,0
2118,6,female,30,,0
2119,1,,173,,0
2122,1,,0,,0
2123,4,female,0,,0
2126,5,female,131,,0
2127,5,female,180,,0
2128,4,female,145,,0
2129,6,female,34,,0
2133,1,,160,,0
2134,6,,93,,0
2135,5,,0,,0
2136,4,female,200,,0
2137,6,male,38,,0
2138,5,,0,,0
2140,6,,0,,0
2141,5,female,0,,0
2142,6,,0,,0
2144,4,male,215,,0
2145,1,,0,,0
2146,6,female,120,,0
2147,5,female,120,,0
2149,1,,0,,0
2151,1,,0,,0
2153,1,,23,,0
2154,3,female,165,,0
2155,6,,0,,0
2156,4,male,225,,0
2159,5,female,140,,0
2161,5,male,165,,0
2164,5,,0,,0
2167,6,,8,,0
2168,5,male,245,,0
2169,1,,172,,0
2174,4,female,135,,0
2175,2,,0,,0
2177,5,female,105,,0
2179,5,female,180,,0
2181,5,male,170,,0
2182,5,,0,,0
2183,6,,160,,0
2185,5,,0,,0
2186,5,,0,,0
2187,5,,0,,0
2188,4,,0,,0
2190,6,female,140,,0
2191,6,female,40,,0
2192,5,male,235,,0
2193,5,female,163,,0
2194,5,female,175,,0
2197,5,male,255,,0
2199,2,,290,,0
2200,4,,0,,0
2202,4,,0,,0
2205,4,male,168,,0
2206,6,,87,,0
2207,6,,192,,0
2209,6,,125,,0
2210,5,female,140,,0
2212,6,male,25,,0
2213,5,,0,,0
2214,5,female,5,,0
2218,5,female,0,,0
2219,5,female,0,,0
2222,4,female,120,,0
2225,6,,30,,0
2227,3,female,290,,0
2228,3,,0,,0
2229,5,female,215,,0
2230,5,female,111,,0
2231,5,female,210,,0
2234,5,female,154,,0
2237,5,female,125,,0
2243,6,male,14,,0
2245,5,female,160,,0
2246,4,male,117,,0
2247,6,,60,,0
2248,6,male,260,,0
2250,6,,14,,0
2252,5,male,175,,0
2254,5,male,120,,0
2255,6,,17,,0
2256,6,,16,,0
2257,5,female,170,,0
2259,2,female,120,,0
2260,1,,0,,0
2261,5,female,250,,0
2263,4,female,0,,0
2264,6,,30,,0
2266,4,male,155,,0
2269,1,female,150,,0
2270,6,,0,,0
2271,4,male,145,,0
2272,5,female,100,,0
2275,6,,0,,0
2276,4,,0,,0
2277,4,,0,,0
2278,4,female,150,,0
2279,5,male,140,,0
2287,1,,0,,0
2289,5,female,145,,0
2291,4,female,117,,0
2294,6,,0,,0
2295,6,female,38,,0
2298,5,,0,,0
2300,0,male,225,,0
2304,5,,0,,0
2309,1,,114,,0
2310,1,,0,,0
2311,6,,0,,0
2313,5,female,225,,0
2314,5,male,230,,0
2317,4,male,106,,0
2319,6,,0,,0
2320,5,,0,,0
2325,6,,21,,0
2327,4,male,320,,0
2328,6,,16,,0
2330,0,male,200,,0
2333,5,male,200,,0
2334,5,male,197,,0
2336,6,,35,,0
2337,4,male,135,,0
2338,6,,0,,0
2340,5,,0,,0
2342,4,male,150,,0
2343,1,,178,,0
2344,4,,0,,0
2345,4,female,90,,0
2346,6,,115,,0
2347,6,,0,,0
2348,5,female,135,,0
2349,4,,0,,0
2351,4,male,0,,0
2352,4,female,155,,0
2354,4,female,270,,0
2355,5,female,206,,0
2356,5,female,165,,0
2357,1,,59,,0
2361,6,,27,,0
2362,5,female,235,,0
2364,5,male,145,,0
2365,6,,0,,0
2367,6,,130,,0
2370,4,male,146,,0
2371,1,,210,,0
2374,6,male,200,,0
2375,6,,200,,0
2377,4,,0,,0
2379,5,female,,,0
2381,5,female,90,,0
2382,5,male,202,,0
2383,5,female,118,,0
2384,4,,0,,0
2385,4,female,165,,0
2387,5,female,150,,0
2390,6,,240,,0
2391,1,,0,,0
2392,5,female,190,,0
2395,1,,0,,0
2396,5,male,164,,0
2399,4,,0,,0
2403,6,male,32,,0
2405,6,,35,,0
2406,6,female,14,,0
2407,6,,14,,0
2408,0,female,50,,0
2411,1,,0,,0
2412,4,male,0,,0
2415,5,,0,,0
2418,5,,170,,0
2420,5,female,157,,0
2422,6,,22,,0
2423,5,,0,,0
2424,5,female,100,,0
2425,6,,23,,0
2429,5,,0,,0
2430,1,,0,,0
2431,6,,0,,0
2432,4,female,200,,0
2433,4,female,129,,0
2434,6,,26,,0
2435,4,female,115,,0
2436,5,male,190,,0
2438,5,male,0,,0
2440,5,female,135,,0
2444,5,female,0,,0
2447,5,female,155,,0
2448,5,female,150,,0
2450,3,male,257,,0
2451,5,male,165,,0
2454,4,female,0,,0
2456,6,,13,,0
2458,6,male,200,,0
2459,4,male,0,,0
2460,6,,0,,0
2462,6,female,0,,0
2463,5,female,195,,0
2464,4,female,5,,0
2467,1,,0,,0
2470,4,male,120,,0
2472,6,,14,,0
2474,4,female,180,,0
2475,1,,0,,0
2476,4,,0,,0
2478,4,male,183,,0
2479,6,,180,,0
2480,5,male,250,,0
2481,4,,0,,0
2482,4,,0,,0
2483,5,female,137,,0
2484,4,,0,,0
2485,4,,0,,0
2488,4,female,239,,0
2490,5,female,115,,0
2491,5,male,290,,0
2495,4,female,0,,0
2496,5,female,190,,0
2498,6,,155,,0
2499,6,,107,,0
2500,4,male,140,,0
2501,6,,0,,0
2503,6,,0,,0
2505,6,male,70,,0
2506,3,male,260,,0
2507,4,,0,,0
2508,5,male,225,,0
2509,4,female,160,,0
2510,5,male,0,,0
2511,5,male,0,,0
2512,5,female,284,,0
2513,1,,0,,0
2514,5,male,207,,0
2515,4,female,0,,0
2516,4,,0,,0
2518,1,,0,,0
2522,5,female,250,,0
2523,5,female,250,,0
2524,4,male,145,,0
2525,6,female,148,,0
2527,4,male,0,,0
2528,4,male,175,,0
2529,5,female,130,,0
2531,4,female,147,,0
2536,5,female,195,,0
2538,4,,0,,0
2540,5,female,105,,0
2541,6,,52,,0
2545,5,,0,,0
2547,4,,0,,0
2549,5,female,130,,0
2551,6,,0,,0
2552,5,male,0,,0
2553,5,female,145,,0
2557,5,male,230,,0
2558,4,,0,,0
2559,6,,122,,0
2560,0,,0,,0
2561,4,male,150,,0
2562,6,female,0,,0
2563,5,female,220,,0
2565,5,female,92,,0
2568,4,,0,,0
2570,5,male,0,,0
2571,5,,0,,0
2572,4,male,180,,0
2576,5,female,145,,0
2578,2,,0,,0
2579,6,,70,,0
2580,4,male,120,,0
2582,1,,165,,0
2585,1,,139,,0
2587,3,,0,,0
2588,3,male,0,,0
2589,4,female,99,,0
2591,5,male,165,,0
2595,5,female,95,,0
2597,5,male,195,,0
2598,6,,0,,0
2601,5,female,230,,0
2603,4,male,140,,0
2606,5,female,155,,0
2607,6,,17,,0
2608,6,,50,,0
2609,5,male,200,,0
2612,5,female,180,,0
2613,6,,160,,0
2615,6,female,130,,0
2617,6,,0,,0
2618,6,,23,,0
2619,5,female,135,,0
2620,6,,25,,0
2623,5,female,160,,0
2624,4,female,170,,0
2627,6,,130,,0
2629,4,female,129,,0
2630,4,male,175,,0
2634,4,,0,,0
2635,4,male,112,,0
2639,6,,140,,0
2641,1,,206,,0
2642,3,male,0,,0
2643,5,female,142,,0
2645,4,,0,,0
2646,1,,165,,0
2648,5,,0,,0
2650,2,,290,,0
2652,4,female,110,,0
2655,5,female,160,,0
2657,6,,0,,0
2659,2,,0,,0
2660,5,female,130,,0
2664,3,,0,,0
2665,5,male,173,,0
2666,6,male,4,,0
2667,6,,0,,0
2669,1,,0,,0
2673,4,,0,,0
2675,5,female,130,,0
2676,5,female,2,,0
2680,5,female,189,,0
2682,4,female,104,,0
2683,5,female,155,,0
2685,3,male,300,,0
2686,6,,145,,0
2687,4,,0,,0
2688,6,,139,,0
2695,4,female,95,,0
2696,4,,0,,0
2699,6,,0,,0
2701,1,,177,,0
2703,4,,0,,0
2704,4,female,0,,0
2706,4,male,200,,0
2707,5,male,180,,0
2708,0,female,281,,0
2710,4,female,103,,0
2711,1,,0,,0
2713,1,,0,,0
2714,6,female,102,,0
2715,6,,0,,0
2716,4,female,121,,0
2717,5,female,105,,0
2722,4,male,185,,0
2727,6,female,22,,0
2728,1,,0,,0
2729,4,,0,,0
2730,6,,22,,0
2733,5,female,0,,0
2734,5,female,130,,0
2735,6,,17,,0
2736,4,female,0,,0
2738,5,male,155,,0
2739,5,female,191,,0
2742,4,male,0,,0
2743,5,female,100,,0
2744,4,,0,,0
2745,4,,0,,0
2749,5,male,155,,0
2751,1,,0,,0
2754,1,,0,,0
2756,1,,0,,0
2758,5,female,120,,0
2765,5,female,0,,0
2770,5,,135,,0
2772,5,male,160,,0
2773,5,female,0,,0
2774,5,female,0,,0
2775,1,,0,,0
2780,6,,85,,0
2782,5,female,120,,0
2783,4,male,180,,0
2784,3,female,0,,0
2785,6,,125,,0
2787,6,,8,,0
2789,0,,,,0
2790,5,male,402,,0
2792,5,female,170,,0
2793,4,female,135,,0
2795,4,,0,,0
2798,6,,0,,0
2800,4,female,106,,0
2801,4,male,225,,0
2803,5,male,172,,0
2806,6,,42,,0
2809,6,female,47,,0
2810,5,female,140,,0
2812,5,,0,,0
2814,1,,25,,0
2815,5,female,98,,0
2816,5,female,190,,0
2817,6,male,0,,0
2819,5,female,130,,0
2831,5,female,130,,0
2832,5,male,220,,0
2835,6,,18,,0
2836,4,male,220,,0
2839,4,,0,,0
2841,3,male,0,,0
2842,1,,140,,0
2843,5,female,139,,0
2848,1,,0,,0
2853,1,,0,,0
2854,0,male,161,,0
2859,4,male,160,,0
2863,6,,113,,0
2867,6,,177,,0
2868,5,male,260,,0
2869,5,female,185,,0
2870,6,,17,,0
2872,1,,0,,0
2873,1,,228,,0
2874,4,,0,,0
2875,4,male,165,,0
2878,6,female,75,,0
2879,4,,0,,0
2883,1,,0,,0
2886,5,female,150,,0
2887,6,,82,,0
2888,6,,0,,0
2889,4,male,140,,0
2893,5,female,153,,0
2894,4,male,160,,0
2901,0,,,,0
2903,0,male,,,0
2905,5,male,210,,0
2906,6,,0,,0
2907,4,female,140,,0
2909,4,male,315,,0
2912,5,,0,,0
2913,6,male,12,,0
2914,4,,0,,0
2915,5,male,235,,0
2918,6,,0,,0
2919,4,male,160,,0
2922,5,female,0,,0
2931,4,,0,,0
2933,4,male,112,,0
2935,1,,0,,0
2937,6,male,190,,0
2948,5,male,230,,0
2949,4,male,220,,0
2953,6,,12,,0
2958,6,female,20,,0
2960,1,,0,,0
2962,1,,170,,0
2964,5,female,150,,0
2965,5,female,0,,0
2966,4,female,140,,0
2967,4,male,155,,0
2968,4,male,300,,0
2969,0,,,,0
2971,4,male,210,,0
2972,6,female,30,,0
2973,6,,0,,0
2979,0,male,,,0
2982,5,,0,,0
2984,5,female,140,,0
2985,5,female,0,,0
2986,6,male,140,,0
2987,0,male,,,0
2988,0,male,165,,0
2989,4,,0,,0
2995,0,female,,,0
2997,0,male,,,0
2998,0,male,220,,0
3000,5,female,120,,0
3001,5,female,130,,0
3010,4,female,240,,0
3011,5,female,155,,0
3013,4,,0,,0
3014,4,female,140,,0
3018,4,,0,,0
3019,4,male,179,,0
3020,5,,0,,0
3022,5,male,152,,0
3023,5,male,175,,0
3024,5,female,140,,0
3025,5,female,160,,0
3033,1,,0,,0
3035,3,male,117,,0
3036,6,,235,,0
3038,4,male,170,,0
3042,4,female,,,0
3043,1,,196,,0
3047,4,,0,,0
3049,6,female,9,,0
3050,5,male,143,,0
3052,6,,0,,0
3053,3,,0,,0
3055,5,female,180,,0
3056,4,,0,,0
3057,5,female,220,,0
3062,4,,0,,0
3064,5,female,137,,0
3066,5,,0,,0
3067,5,female,190,,0
3069,5,female,163,,0
3070,6,,66,,0
3071,0,,,,0
3072,6,female,114,,0
3073,4,,0,,0
3074,5,female,200,,0
3075,2,,0,,0
3078,5,female,220,,0
3079,5,female,0,,0
3080,4,female,125,,0
3081,0,male,155,,0
3082,1,,296,,0
3083,5,male,136,,0
3085,4,male,260,,0
3088,6,male,17,,0
3090,5,female,0,,0
3092,1,,0,,0
3094,4,female,175,,0
3095,2,,0,,0
3096,4,male,120,,0
3097,5,female,140,,0
3098,5,,0,,0
3099,0,female,,,0
3101,5,female,0,,0
3104,5,male,0,,0
3107,6,female,0,,0
3108,0,,,,0
3110,5,female,135,,0
3113,4,female,110,,0
3116,4,female,155,,0
3117,6,female,90,,0
3119,4,male,0,,0
3122,5,male,155,,0
3124,6,,33,,0
3126,4,female,110,,0
3127,6,,390,,0
3130,6,,0,,0
3132,6,,41,,0
3135,5,female,170,,0
3136,4,male,0,,0
3139,5,female,280,,0
3142,6,,33,,0
3148,2,,0,,0
3149,6,,0,,0
3153,4,female,140,,0
3155,5,male,195,,0
3156,6,,165,,0
3157,4,male,6,,0
3158,5,female,225,,0
3160,6,,150,,0
3163,6,,72,,0
3164,5,female,105,,0
3166,5,male,0,,0
3168,5,female,95,,0
3169,6,,0,,0
3173,4,,0,,0
3174,5,female,0,,0
3175,5,female,175,,0
3177,6,female,55,,0
3178,6,,0,,0
3181,5,female,165,,0
3182,5,female,260,,0
3184,6,,200,,0
3185,4,,0,,0
3187,6,,0,,0
3188,0,female,115,,0
3189,4,,0,,0
3190,4,male,55,,0
3191,4,,0,,0
3192,5,female,250,,0
3193,6,,0,,0
3195,5,female,177,,0
3196,5,female,0,,0
3197,3,male,0,,0
3198,0,female,190,,0
3201,4,,0,,0
3203,5,male,165,,0
3204,5,unknown,170,,0
3205,4,male,220,,0
3206,0,female,132,,0
3208,0,,,,0
3210,4,female,135,,0
3212,5,male,153,,0
3217,6,,0,,0
3218,5,,0,,0
3220,6,,0,,0
3221,6,,160,,0
3223,1,,0,,0
3225,1,,140,,0
3226,6,,20,,0
3228,1,,31,,0
3229,1,,0,,0
3235,6,female,130,,0
3236,6,,,,0
3237,5,,0,,0
3238,5,,0,,0
3239,6,female,0,,0
3240,5,female,140,,0
3241,4,male,233,,0
3242,5,female,170,,0
3243,6,,0,,0
3247,5,female,147,,0
3248,5,,0,,0
3249,5,female,109,,0
3250,6,,179,,0
3255,4,male,170,,0
3257,6,female,220,,0
3262,2,,269,,0
3264,1,,0,,0
3268,5,female,115,,0
3271,4,female,140,,0
3272,6,,58,,0
3273,5,female,295,,0
3274,6,,110,,0
3277,5,male,150,,0
3279,4,female,165,,0
3281,1,,0,,0
3282,4,,0,,0
3284,6,female,120,,0
3286,6,,64,,0
3289,5,female,191,,0
3291,6,,190,,0
3293,5,female,0,,0
3294,4,,0,,0
3295,5,female,190,,0
3296,4,male,180,,0
3298,3,,0,,0
3300,6,,0,,0
3301,5,female,200,,0
3303,0,,,,0
3305,5,female,125,,0
3306,4,male,220,,0
3307,5,,0,,0
3308,5,female,200,,0
3310,6,,42,,0
3311,4,,0,,0
3314,5,female,172,,0
3316,1,,131,,0
3318,5,female,300,,0
3319,5,female,200,,0
3320,4,male,120,,0
3321,5,female,140,,0
3322,5,female,0,,0
3325,5,male,220,,0
3326,5,,0,,0
3327,6,,0,,0
3329,5,female,145,,0
3330,4,female,180,,0
3332,4,female,0,,0
3334,1,,0,,0
3340,4,male,115,,0
3342,6,,17,,0
3343,1,,0,,0
3345,1,,25,,0
3346,1,,0,,0
3352,5,female,180,,0
3354,5,male,165,,0
3355,5,female,290,,0
3356,1,,0,,0
3357,6,,48,,0
3358,5,female,189,,0
3359,6,,0,,0
3360,5,male,116,,0
3361,6,male,5,,0
3363,6,female,60,,0
3364,6,,60,,0
3367,5,female,100,,0
3369,4,female,193,,0
3370,4,female,160,,0
3371,3,female,250,,0
3372,6,female,145,,0
3374,1,,0,,0
3375,1,,156,,0
3380,5,female,180,,0
3381,2,,0,,0
3382,4,female,170,,0
3383,5,,0,,0
3385,5,,0,,0
3386,5,female,300,,0
3389,5,female,160,,0
3390,6,,0,,0
3391,6,,143,,0
3392,3,female,154,,0
3398,6,,250,,0
3399,4,female,150,,0
3402,6,,15,,0
3403,5,male,190,,0
3404,5,male,190,,0
3406,2,,0,,0
3407,5,male,166,,0
3408,5,,0,,0
3409,5,female,130,,0
3411,0,female,190,,0
3412,5,female,125,,0
3415,1,,0,,0
3417,5,female,,,0
3420,5,female,175,,0
3421,2,,151,,0
3422,5,female,130,,0
3424,5,male,175,,0
3425,4,female,170,,0
3426,5,,0,,0
3427,5,female,140,,0
3429,1,,143,,0
3434,5,,0,,0
3436,5,,0,,0
3437,4,male,250,,0
3438,2,,,,0
3441,5,,0,,0
3442,4,male,190,,0
3443,5,male,0,,0
3444,5,female,130,,0
3445,3,female,17,,0
3447,4,female,90,,0
3451,5,female,250,,0
3452,0,male,220,,0
3455,0,female,157,,0
3456,2,,0,,0
3457,4,,0,,0
3458,6,,33,,0
3459,4,female,240,,0
3460,6,,0,,0
3461,4,male,155,,0
3462,1,,0,,0
3463,5,female,180,,0
3464,4,male,143,,0
3465,5,,0,,0
3466,5,female,105,,0
3468,4,female,130,,0
3471,5,female,220,,0
3472,5,female,220,,0
3474,6,male,85,,0
3477,5,male,220,,0
3482,6,male,46,,0
3484,3,female,301,,0
3485,5,male,226,,0
3486,1,,0,,0
3490,5,female,180,,0
3493,6,,140,,0
3494,0,female,214,,0
3495,5,female,100,,0
3498,6,,140,,0
3499,6,,60,,0
3507,5,female,175,,0
3508,6,,15,,0
3509,1,,0,,0
3512,4,female,150,,0
3513,6,female,115,,0
3514,1,,0,,0
3516,6,,100,,0
3517,2,,0,,0
3521,6,,128,,0
3522,5,,0,,0
3523,6,female,25,,0
3524,6,,48,,0
3525,5,female,159,,0
3530,2,,85,,0
3533,6,female,107,,0
3534,0,female,107,,0
3536,0,female,275,,0
3537,5,female,155,,0
3538,5,female,141,,0
3540,4,male,198,,0
3541,5,female,160,,0
3546,5,female,148,,0
3547,5,,0,,0
3557,3,female,25,,0
3559,3,female,24,,0
3560,3,,0,,0
3562,5,female,10,,0
3564,6,,0,,0
3566,1,,0,,0
3567,5,,0,,0
3568,6,,20,,0
3569,4,male,140,,0
3572,5,male,246,,0
3573,3,male,0,,0
3574,3,male,184,,0
3575,6,,0,,0
3576,6,,110,,0
3577,1,,0,,0
3578,5,male,303,,0
3580,6,,99,,0
3581,6,,130,,0
3582,4,female,170,,0
3583,5,female,170,,0
3584,5,female,145,,0
3585,5,,0,,0
3586,6,,170,,0
3587,5,female,135,,0
3591,6,,0,,0
3592,5,female,250,,0
3593,5,,0,,0
3594,4,,0,,0
3597,6,,200,,0
3598,0,female,18,,0
3599,1,,185,,0
3602,6,female,110,,0
3604,5,female,200,,0
3605,3,,0,,0
3606,6,,105,,0
3610,4,male,175,,0
3611,6,female,63,,0
3612,2,male,110,,0
3613,6,,0,,0
3614,6,,125,,0
3616,1,,0,,0
3617,4,male,230,,0
3618,3,female,135,,0
3619,0,female,110,,0
3622,5,female,190,,0
3629,5,male,200,,0
3630,5,,0,,0
3632,5,female,168,,0
3633,5,female,115,,0
3634,4,male,65,,0
3635,6,,0,,0
3638,5,,0,,0
3639,5,female,200,,0
3641,5,female,0,,0
3643,6,,180,,0
3645,6,,0,,0
3647,5,,0,,0
3649,1,,0,,0
3650,6,,0,,0
3651,3,,35,,0
3652,6,,178,,0
3653,0,female,145,,0
3654,4,female,103,,0
3656,5,female,145,,0
3658,4,,0,,0
3661,6,,27,,0
3663,5,,0,,0
3665,4,female,108,,0
3666,5,male,33,,0
3667,5,female,100,,0
3669,5,female,195,,0
3671,5,female,0,,0
3676,1,,0,,0
3677,1,,0,,0
3679,4,female,180,,0
3680,5,female,5,,0
3682,6,,0,,0
3683,6,,0,,0
3684,3,female,44,,0
3685,2,,0,,0
3686,0,,170,,0
3687,0,male,19,,0
3689,5,,0,,0
3692,6,,80,,0
3693,5,male,240,,0
3694,2,,0,,0
3696,1,,0,,0
3698,1,,132,,0
3700,1,,0,,0
3703,1,male,0,,0
3710,1,,190,,0
3711,4,female,235,,0
3715,5,female,315,,0
3716,5,female,150,,0
3717,4,,0,,0
3718,4,,0,,0
3719,6,female,130,,0
3720,0,female,110,,0
3721,1,,175,,0
3722,4,,0,,0
3723,6,,17,,0
3725,5,male,169,,0
3728,6,female,0,,0
3729,6,,0,,0
3730,3,female,179,,0
3732,6,,240,,0
3736,5,,0,,0
3737,1,,0,,0
3738,5,female,250,,0
3739,1,,140,,0
3744,5,male,160,,0
3754,4,,0,,0
3755,5,male,260,,0
3756,6,,130,,0
3758,4,female,0,,0
3761,6,female,120,,0
3762,3,female,43,,0
3767,6,unknown,0,,0
3768,1,,0,,0
3769,1,female,240,,0
3773,6,,0,,0
3775,5,,0,,0
3776,4,male,170,,0
3777,0,female,120,,0
3778,5,female,140,,0
3782,6,,0,,0
3784,3,female,175,,0
3787,1,,0,,0
3788,6,,37,,0
3789,0,male,147,,0
3790,1,,0,,0
3792,4,female,0,,0
3793,4,female,190,,0
3797,4,male,220,,0
3799,5,female,169,,0
3801,6,,50,,0
3802,4,male,130,,0
3804,5,female,122,,0
3806,5,female,100,,0
3807,5,female,118,,0
3808,5,female,0,,0
3812,4,female,137,,0
3813,3,male,40,,0
3815,5,male,200,,0
3816,5,,0,,0
3817,4,,0,,0
3822,5,female,194,,0
3823,4,female,160,,0
3824,5,female,155,,0
3825,5,,0,,0
3826,5,female,135,,0
3827,5,female,98,,0
3828,5,female,160,,0
3830,4,male,5,,0
3833,6,,165,,0
3835,4,female,5,,0
3836,5,,0,,0
3837,1,,33,,0
3838,5,female,210,,0
3839,0,female,173,,0
3840,5,female,130,,0
3842,1,,2420,,0
3845,1,,0,,0
3857,5,,0,,0
3858,5,female,105,,0
3860,5,female,0,,0
3861,6,,22,,0
3862,5,female,5,,0
3863,5,female,102,,0
3864,5,female,102,,0
3871,4,,0,,0
3872,4,,0,,0
3874,4,male,150,,0
3876,5,female,130,,0
3877,6,,179,,0
3880,6,,0,,0
3881,5,male,5,,0
3882,5,,0,,0
3884,4,female,180,,0
3885,6,female,31,,0
3886,5,female,100,,0
3887,4,male,170,,0
3888,4,,0,,0
3892,6,,22,,0
3898,5,,0,,0
3902,3,,0,,0
3905,3,,0,,0
3906,5,female,180,,0
3907,4,male,175,,0
3908,4,,0,,0
3909,5,female,162,,0
3910,5,female,63,,0
3913,6,,130,,0
3915,5,female,150,,0
3917,5,female,120,,0
3920,5,,0,,0
3921,6,,125,,0
3922,4,male,190,,0
3923,1,,211,,0
3924,4,male,200,,0
3925,6,,28,,0
3930,5,,0,,0
3931,5,female,200,,0
3932,6,,110,,0
3933,4,,0,,0
3934,4,male,182,,0
3938,4,,0,,0
3940,5,female,145,,0
3941,5,male,180,,0
3944,5,female,175,,0
3945,5,female,155,,0
3946,4,male,125,,0
3947,3,male,187,,0
3948,1,,176,,0
3952,4,male,210,,0
3953,6,,98,,0
3954,4,male,216,,0
3958,6,female,30,,0
3960,4,,0,,0
3961,4,female,120,,0
3962,5,female,180,,0
3963,5,,0,,0
3964,0,female,,,0
3965,5,,0,,0
3967,4,male,175,,0
3970,0,male,152,,0
3974,5,female,180,,0
3979,5,,0,,0
3985,5,,0,,0
3986,6,,0,,0
3987,4,,0,,0
3988,5,female,350,,0
3990,5,,0,,0
3991,6,,0,,0
3993,5,,0,,0
3995,4,male,170,,0
3996,0,female,170,,0
3999,4,,0,,0
4001,2,female,120,,0
4002,6,male,,,0
4007,6,,120,,0
4009,4,male,200,,0
4010,4,,0,,0
4012,5,female,100,,0
4014,3,,0,,0
4015,3,male,251,,0
4016,4,female,0,,0
4020,6,,0,,0
4021,4,female,170,,0
4022,6,male,125,,0
4023,6,,125,,0
4024,5,,0,,0
4027,6,,87,,0
4028,5,male,0,,0
4029,5,female,0,,0
4030,5,female,210,,0
4031,5,female,200,,0
4032,1,,0,,0
4033,6,female,168,,0
4036,2,,122,,0
4039,6,,0,,0
4040,2,,0,,0
4041,3,,0,,0
4042,6,,0,,0
4044,6,,0,,0
4047,4,,0,,0
4048,6,,0,,0
4050,5,female,178,,0
4051,0,,,,0
4052,2,,19,,0
4054,0,male,200,,0
4055,4,male,150,,0
4058,5,female,113,,0
4063,4,female,178,,0
4065,5,female,170,,0
4069,4,female,,,0
4070,6,female,20,,0
4071,5,,0,,0
4075,4,female,130,,0
4078,5,male,250,,0
4079,2,,177,,0
4080,5,,0,,0
4081,5,male,0,,0
4082,1,,0,,0
4083,5,female,120,,0
4086,5,,0,,0
4087,5,,0,,0
4089,4,female,0,,0
4090,5,female,140,,0
4092,5,female,142,,0
4095,5,female,0,,0
4096,6,,38,,0
4101,6,female,20,,0
4105,4,female,145,,0
4106,5,female,96,,0
4108,5,,0,,0
4109,6,,140,,0
4111,6,female,20,,0
4112,5,female,310,,0
4114,5,female,113,,0
4117,6,,97,,0
4118,6,,0,,0
4119,4,male,220,,0
4120,6,,0,,0
4121,5,,0,,0
4123,6,,120,,0
4124,6,,0,,0
4126,4,,0,,0
4129,5,,0,,0
4130,5,female,230,,0
4133,1,,244,,0
4135,5,male,220,,0
4136,6,,240,,0
4137,5,female,275,,0
4138,6,,0,,0
4139,6,,0,,0
4140,4,,0,,0
4141,5,female,160,,0
4142,6,,180,,0
4144,0,,,,0
4147,6,,215,,0
4148,6,,210,,0
4150,0,,,,0
4151,4,male,230,,0
4152,6,,0,,0
4153,6,,0,,0
4155,0,female,150,,0
4156,4,female,5,,0
4157,5,female,128,,0
4158,4,female,220,,0
4159,5,male,214,,0
4163,4,,0,,0
4164,5,male,195,,0
4166,4,,0,,0
4167,1,,55,,0
4170,4,,0,,0
4171,5,female,270,,0
4173,6,,0,,0
4174,6,male,165,,0
4180,0,male,210,,0
4183,2,,27,,0
4185,5,female,138,,0
4187,5,male,185,,0
4188,5,female,200,,0
4190,5,,0,,0
4191,5,male,120,,0
4193,5,male,0,,0
4194,4,,0,,0
4196,6,female,33,,0
4198,1,,107,,0
4199,4,male,200,,0
4200,5,female,171,,0
4202,1,,0,,0
4203,0,male,190,,0
4204,6,,210,,0
4205,0,male,14,,0
4206,4,female,140,,0
4208,5,,0,,0
4209,6,male,57,,0
4211,4,female,119,,0
4213,1,female,140,,0
4216,5,female,140,,0
4217,4,,0,,0
4221,0,,,,0
4223,4,female,395,,0
4225,3,male,210,,0
4227,3,male,210,,0
4228,4,male,178,,0
4230,4,female,170,,0
4231,6,,108,,0
4232,4,male,156,,0
4234,5,female,278,,0
4235,4,female,175,,0
4237,1,,0,,0
4242,4,female,150,,0
4244,0,female,250,,0
4245,6,female,120,,0
4246,2,,115,,0
4248,6,male,0,,0
4252,0,,150,,0
4254,4,female,100,,0
4256,1,,0,,0
4257,4,male,230,,0
4259,4,male,130,,0
4262,1,,0,,0
4263,4,female,110,,0
4266,4,female,0,,0
4269,4,male,165,,0
4270,4,male,150,,0
4272,4,female,166,,0
4277,1,,0,,0
4278,0,female,,,0
4282,5,,0,,0
4283,6,female,60,,0
4288,4,,0,,0
4294,6,,21,,0
4295,4,female,175,,0
4299,4,male,175,,0
4300,5,female,150,,0
4301,6,female,145,,0
4307,5,female,185,,0
4308,0,,,,0
4309,4,,0,,0
4310,0,male,41,,0
4313,6,,198,,0
4316,1,female,0,,0
4317,1,,120,,0
4319,4,,0,,0
4321,6,female,31,,0
4322,0,male,165,,0
4323,0,male,160,,0
4325,5,,0,,0
4326,5,female,158,,0
4327,1,,5,,0
4330,5,male,140,,0
4331,4,,0,,0
4332,4,female,152,,0
4333,0,female,115,,0
4335,4,male,160,,0
4336,5,female,212,,0
4338,6,,240,,0
4342,0,male,56,,0
4343,5,male,250,,0
4345,4,female,150,,0
4348,1,,0,,0
4349,0,,,,0
4351,1,,0,,0
4352,6,,30,,0
4355,5,female,135,,0
4357,6,,45,,0
4358,0,male,10,,0
4359,5,male,200,,0
4360,5,,0,,0
4362,5,male,184,,0
4363,4,,0,,0
4365,5,female,163,,0
4367,5,female,260,,0
4370,5,female,112,,0
4372,0,,,,0
4373,4,female,5,,0
4374,1,,0,,0
4376,0,male,228,,0
4380,1,male,305,,0
4384,0,female,128,,0
4388,3,,0,,0
4392,5,male,130,,0
4393,5,female,130,,0
4395,4,female,30,,0
4397,6,,0,,0
4398,6,,0,,0
4399,6,,230,,0
4401,0,female,110,,0
4402,4,,0,,0
4403,6,,0,,0
4404,0,female,145,,0
4405,4,male,240,,0
4408,6,female,100,,0
4409,6,,170,,0
4410,5,female,115,,0
4411,6,male,235,,0
4412,0,,175,,0
4413,6,,0,,0
4414,0,,,,0
4416,0,female,140,,0
4417,6,,0,,0
4418,4,female,120,,0
4419,4,male,240,,0
4424,0,male,280,,0
4426,5,female,150,,0
4428,0,male,280,,0
4429,1,female,173,,0
4430,2,female,98,,0
4431,5,female,140,,0
4435,6,,205,,0
4436,4,male,300,,0
4437,4,male,140,,0
4438,4,male,225,,0
4443,5,female,152,,0
4445,5,male,250,,0
4446,4,male,250,,0
4447,6,,33,,0
4448,0,male,,,0
4450,1,,0,,0
4453,4,male,190,,0
4454,6,male,5,,0
4455,5,female,170,,0
4456,5,,0,,0
4457,5,male,230,,0
4458,4,male,205,,0
4460,5,female,160,,0
4461,5,female,160,,0
4462,5,,0,,0
4463,6,,0,,0
4464,6,,23,,0
4465,6,,0,,0
4466,6,female,23,,0
4467,4,,0,,0
4468,4,male,140,,0
4469,4,male,0,,0
4470,5,female,130,,0
4473,5,female,220,,0
4475,4,female,180,,0
4476,1,,0,,0
4477,5,female,200,,0
4483,6,female,180,,0
4487,4,female,110,,0
4490,4,male,180,,0
4491,5,female,180,,0
4492,5,male,177,,0
4493,6,female,140,,0
4495,2,male,0,,0
4497,1,,120,,0
4501,1,,0,,0
4504,3,female,8,,0
4505,5,female,117,,0
4506,5,,0,,0
4507,5,male,185,,0
4508,5,female,112,,0
4509,3,,0,,0
4510,4,,0,,0
4511,3,male,,,0
4512,0,male,200,,0
4514,1,,0,,0
4516,1,,0,,0
4518,4,,0,,0
4519,4,male,160,,0
4521,4,female,130,,0
4523,6,,63,,0
4524,5,female,130,,0
4528,6,female,15,,0
4531,5,female,165,,0
4532,5,female,135,,0
4535,5,female,220,,0
4538,5,male,170,,0
4539,5,male,175,,0
4541,0,female,170,,0
4542,1,,99,,0
4545,5,female,135,,0
4552,5,,0,,0
4553,5,male,140,,0
4554,5,female,153,,0
4555,6,,120,,0
4556,5,female,310,,0
4557,6,,140,,0
4563,4,,0,,0
4567,4,,0,,0
4568,0,male,,,0
4569,5,,0,,0
4572,0,male,,,0
4574,6,,0,,0
4575,5,,0,,0
4576,4,,0,,0
4577,5,,0,,0
4580,6,,150,,0
4581,1,,210,,0
4582,5,,0,,0
4583,4,female,150,,0
4584,5,female,0,,0
4585,4,male,0,,0
4586,4,male,190,,0
4588,6,male,85,,0
4590,5,male,260,,0
4591,5,,0,,0
4593,1,,246,,0
4594,5,male,165,,0
4598,0,female,190,,0
4599,6,female,38,,0
4601,0,male,128,,0
4602,6,,70,,0
4603,1,,0,,0
4605,0,,,,0
4606,4,male,210,,0
4607,1,,131,,0
4609,5,female,235,,0
4610,5,female,0,,0
4611,5,male,180,,0
4612,2,,25,,0
4613,5,,0,,0
4614,1,,0,,0
4617,6,,0,,0
4618,4,male,160,,0
4623,5,female,135,,0
4624,5,,0,,0
4626,5,female,130,,0
4627,1,,40,,0
4630,4,male,180,,0
4632,5,,0,,0
4633,6,,240,,0
4635,5,female,230,,0
4636,5,female,180,,0
4638,2,,170,,0
4641,6,,0,,0
4642,6,,240,,0
4643,6,,0,,0
4645,6,female,260,,0
4649,5,male,140,,0
4653,6,,0,,0
4655,6,female,164,,0
4657,6,male,190,,0
4658,5,female,125,,0
4659,0,female,,,0
4660,6,,120,,0
4661,5,female,150,,0
4662,0,male,120,,0
4663,0,male,,,0
4664,0,male,130,,0
4665,4,male,210,,0
4668,4,male,155,,0
4669,3,male,17,,0
4670,0,male,180,,0
4672,5,female,180,,0
4673,5,female,240,,0
4676,6,,51,,0
4677,5,male,180,,0
4679,5,female,109,,0
4681,5,female,193,,0
4683,6,,0,,0
4685,3,,0,,0
4686,3,male,0,,0
4687,5,,0,,0
4688,5,female,190,,0
4689,5,female,132,,0
4690,4,male,160,,0
4692,3,male,195,,0
4694,6,female,98,,0
4695,5,female,235,,0
4696,5,,0,,0
4697,5,female,170,,0
4699,6,male,160,,0
4701,4,,0,,0
4702,5,female,0,,0
4703,4,female,190,,0
4704,4,,0,,0
4708,5,female,210,,0
4709,5,female,360,,0
4711,5,male,260,,0
4712,4,,0,,0
4713,4,female,65,,0
4719,0,male,135,,0
4720,3,female,0,,0
4722,5,male,130,,0
4723,5,female,170,,0
4725,3,,0,,0
4726,4,female,0,,0
4727,5,male,255,,0
4729,5,,0,,0
4731,5,,0,,0
4732,4,male,150,,0
4733,5,female,110,,0
4734,6,,126,,0
4736,6,,55,,0
4737,5,female,0,,0
4740,0,,,,0
4741,3,female,167,,0
4745,6,female,140,,0
4747,4,female,135,,0
4750,0,,,,0
4751,4,,0,,0
4752,5,female,185,,0
4755,4,male,195,,0
4757,0,male,,,0
4762,4,,0,,0
4763,0,male,,,0
4764,0,male,,,0
4765,0,,,,0
4766,1,,31,,0
4769,4,female,135,,0
4772,5,female,89,,0
4773,6,male,85,,0
4774,4,female,130,,0
4777,5,female,106,,0
4782,5,,0,,0
4783,5,,0,,0
4784,6,,0,,0
4785,2,,0,,0
4787,2,,125,,0
4790,1,female,120,,0
4791,6,,83,,0
4796,5,female,140,,0
4797,6,,115,,0
4798,5,,0,,0
4799,6,,0,,0
4800,2,,125,,0
4801,5,male,174,,0
4802,0,,,,0
4808,6,,0,,0
4809,5,male,175,,0
4810,0,male,,,0
4811,6,,22,,0
4814,4,female,120,,0
4820,5,,0,,0
4821,1,,0,,0
4822,0,female,,,0
4825,6,,0,,0
4826,0,,,,0
4830,5,female,132,,0
4831,4,,0,,0
4834,5,,0,,0
4835,5,female,145,,0
4837,5,female,312,,0
4840,5,,0,,0
4841,5,female,130,,0
4842,0,male,,,0
4847,6,,142,,0
4848,4,,0,,0
4849,6,,45,,0
4850,4,male,210,,0
4853,6,male,150,,0
4854,0,male,185,,0
4855,4,female,160,,0
4856,6,,220,,0
4858,0,male,,,0
4860,4,male,250,,0
4864,4,male,210,,0
4868,0,,,,0